fertilizer_used_last_season,fertilizer_code
50.01,0
50.03,1
50.04,2
50.05,3
50.08,4
50.19,5
50.21,6
50.25,7
50.27,8
50.29,9
50.31,10
50.33,11
50.35,12
50.37,13
50.4,14
50.47,15
50.49,16
50.51,17
50.52,18
50.55,19
50.61,20
50.65,21
50.7,22
50.74,23
50.78,24
50.8,25
50.83,26
50.86,27
50.89,28
50.91,29
50.92,30
50.95,31
51.02,32
51.06,33
51.1,34
51.13,35
51.15,36
51.24,37
51.31,38
51.48,39
51.52,40
51.54,41
51.55,42
51.56,43
51.58,44
51.59,45
51.64,46
51.71,47
51.72,48
51.73,49
51.77,50
51.78,51
51.8,52
51.82,53
51.83,54
51.89,55
51.91,56
51.96,57
51.98,58
51.99,59
52.02,60
52.04,61
52.08,62
52.09,63
52.25,64
52.26,65
52.28,66
52.3,67
52.32,68
52.33,69
52.37,70
52.38,71
52.39,72
52.41,73
52.42,74
52.43,75
52.45,76
52.51,77
52.59,78
52.6,79
52.63,80
52.65,81
52.67,82
52.72,83
52.75,84
52.78,85
52.8,86
52.82,87
52.84,88
52.85,89
52.86,90
52.89,91
52.9,92
53.0,93
53.01,94
53.06,95
53.16,96
53.23,97
53.25,98
53.27,99
53.28,100
53.35,101
53.38,102
53.42,103
53.47,104
53.49,105
53.5,106
53.51,107
53.56,108
53.58,109
53.59,110
53.6,111
53.61,112
53.62,113
53.66,114
53.73,115
53.77,116
53.78,117
53.79,118
53.8,119
53.82,120
53.91,121
53.95,122
53.96,123
53.97,124
53.99,125
54.06,126
54.08,127
54.11,128
54.2,129
54.22,130
54.25,131
54.27,132
54.3,133
54.38,134
54.39,135
54.4,136
54.42,137
54.43,138
54.44,139
54.46,140
54.48,141
54.5,142
54.51,143
54.52,144
54.54,145
54.56,146
54.57,147
54.63,148
54.66,149
54.73,150
54.78,151
54.8,152
54.83,153
54.85,154
54.86,155
54.87,156
54.91,157
54.92,158
54.97,159
55.08,160
55.11,161
55.15,162
55.16,163
55.19,164
55.24,165
55.25,166
55.29,167
55.31,168
55.34,169
55.35,170
55.36,171
55.38,172
55.44,173
55.47,174
55.5,175
55.52,176
55.62,177
55.64,178
55.65,179
55.66,180
55.69,181
55.74,182
55.79,183
55.8,184
55.83,185
55.85,186
55.86,187
55.9,188
55.93,189
55.94,190
56.02,191
56.05,192
56.1,193
56.16,194
56.22,195
56.24,196
56.26,197
56.32,198
56.33,199
56.34,200
56.36,201
56.38,202
56.43,203
56.45,204
56.46,205
56.49,206
56.51,207
56.54,208
56.58,209
56.63,210
56.65,211
56.72,212
56.73,213
56.75,214
56.78,215
56.79,216
56.81,217
56.84,218
56.87,219
56.88,220
56.92,221
56.99,222
57.05,223
57.07,224
57.12,225
57.19,226
57.2,227
57.21,228
57.25,229
57.26,230
57.27,231
57.33,232
57.41,233
57.43,234
57.46,235
57.48,236
57.5,237
57.52,238
57.53,239
57.54,240
57.56,241
57.57,242
57.68,243
57.69,244
57.7,245
57.75,246
57.79,247
57.8,248
57.84,249
57.85,250
57.92,251
57.96,252
57.98,253
58.0,254
58.07,255
58.11,256
58.13,257
58.22,258
58.25,259
58.3,260
58.31,261
58.33,262
58.36,263
58.38,264
58.43,265
58.44,266
58.45,267
58.48,268
58.49,269
58.5,270
58.72,271
58.75,272
58.76,273
58.77,274
58.79,275
58.83,276
58.93,277
58.95,278
59.05,279
59.06,280
59.12,281
59.17,282
59.2,283
59.21,284
59.24,285
59.26,286
59.35,287
59.43,288
59.48,289
59.51,290
59.55,291
59.6,292
59.61,293
59.69,294
59.74,295
59.77,296
59.83,297
59.86,298
59.93,299
59.95,300
60.09,301
60.16,302
60.19,303
60.21,304
60.22,305
60.23,306
60.24,307
60.25,308
60.26,309
60.33,310
60.4,311
60.45,312
60.48,313
60.53,314
60.55,315
60.56,316
60.63,317
60.67,318
60.69,319
60.7,320
60.74,321
60.75,322
60.77,323
60.82,324
60.83,325
60.87,326
60.88,327
60.89,328
60.95,329
60.96,330
60.99,331
61.01,332
61.04,333
61.05,334
61.07,335
61.09,336
61.11,337
61.13,338
61.18,339
61.19,340
61.2,341
61.22,342
61.24,343
61.27,344
61.28,345
61.3,346
61.31,347
61.32,348
61.33,349
61.34,350
61.42,351
61.47,352
61.5,353
61.52,354
61.68,355
61.7,356
61.71,357
61.72,358
61.73,359
61.79,360
61.82,361
61.84,362
61.87,363
61.94,364
62.01,365
62.03,366
62.04,367
62.07,368
62.08,369
62.11,370
62.18,371
62.19,372
62.21,373
62.22,374
62.23,375
62.24,376
62.26,377
62.33,378
62.39,379
62.42,380
62.45,381
62.46,382
62.47,383
62.51,384
62.53,385
62.58,386
62.59,387
62.64,388
62.65,389
62.73,390
62.75,391
62.82,392
62.87,393
62.89,394
62.91,395
62.92,396
62.94,397
62.96,398
62.98,399
62.99,400
63.0,401
63.02,402
63.05,403
63.11,404
63.13,405
63.14,406
63.15,407
63.16,408
63.25,409
63.26,410
63.3,411
63.31,412
63.34,413
63.39,414
63.4,415
63.43,416
63.47,417
63.49,418
63.5,419
63.59,420
63.61,421
63.63,422
63.65,423
63.66,424
63.71,425
63.72,426
63.73,427
63.77,428
63.78,429
63.82,430
63.9,431
63.94,432
63.97,433
64.0,434
64.01,435
64.04,436
64.05,437
64.07,438
64.1,439
64.11,440
64.12,441
64.14,442
64.16,443
64.2,444
64.24,445
64.26,446
64.27,447
64.28,448
64.33,449
64.35,450
64.36,451
64.38,452
64.41,453
64.42,454
64.47,455
64.48,456
64.49,457
64.53,458
64.58,459
64.65,460
64.67,461
64.68,462
64.69,463
64.7,464
64.73,465
64.77,466
64.78,467
64.81,468
64.82,469
64.83,470
64.88,471
64.91,472
64.94,473
64.97,474
64.99,475
65.0,476
65.02,477
65.08,478
65.1,479
65.15,480
65.27,481
65.29,482
65.3,483
65.31,484
65.32,485
65.37,486
65.38,487
65.42,488
65.44,489
65.45,490
65.47,491
65.48,492
65.54,493
65.56,494
65.59,495
65.61,496
65.66,497
65.74,498
65.75,499
65.79,500
65.88,501
65.89,502
65.9,503
65.91,504
65.92,505
65.94,506
65.96,507
66.0,508
66.01,509
66.05,510
66.06,511
66.09,512
66.13,513
66.14,514
66.15,515
66.16,516
66.26,517
66.27,518
66.31,519
66.34,520
66.35,521
66.37,522
66.38,523
66.41,524
66.5,525
66.51,526
66.54,527
66.61,528
66.62,529
66.63,530
66.73,531
66.74,532
66.75,533
66.78,534
66.81,535
66.82,536
66.83,537
66.84,538
66.87,539
66.9,540
66.91,541
66.92,542
66.97,543
66.98,544
66.99,545
67.02,546
67.03,547
67.07,548
67.1,549
67.11,550
67.14,551
67.18,552
67.2,553
67.3,554
67.33,555
67.37,556
67.4,557
67.45,558
67.46,559
67.47,560
67.52,561
67.55,562
67.57,563
67.6,564
67.61,565
67.62,566
67.63,567
67.68,568
67.71,569
67.73,570
67.74,571
67.77,572
67.81,573
67.94,574
67.95,575
67.99,576
68.02,577
68.03,578
68.04,579
68.05,580
68.14,581
68.15,582
68.19,583
68.25,584
68.28,585
68.3,586
68.32,587
68.33,588
68.34,589
68.37,590
68.38,591
68.45,592
68.46,593
68.51,594
68.52,595
68.54,596
68.55,597
68.57,598
68.6,599
68.66,600
68.67,601
68.71,602
68.72,603
68.86,604
68.88,605
68.92,606
68.95,607
69.0,608
69.02,609
69.04,610
69.05,611
69.12,612
69.13,613
69.14,614
69.16,615
69.19,616
69.2,617
69.21,618
69.24,619
69.28,620
69.3,621
69.31,622
69.32,623
69.33,624
69.34,625
69.35,626
69.37,627
69.38,628
69.41,629
69.51,630
69.55,631
69.56,632
69.6,633
69.65,634
69.68,635
69.69,636
69.71,637
69.72,638
69.73,639
69.78,640
69.79,641
69.81,642
69.82,643
69.88,644
69.9,645
69.92,646
69.93,647
69.95,648
70.01,649
70.04,650
70.07,651
70.08,652
70.1,653
70.12,654
70.16,655
70.18,656
70.19,657
70.22,658
70.23,659
70.25,660
70.28,661
70.32,662
70.33,663
70.4,664
70.43,665
70.46,666
70.47,667
70.52,668
70.56,669
70.57,670
70.58,671
70.59,672
70.61,673
70.66,674
70.67,675
70.69,676
70.73,677
70.75,678
70.8,679
70.82,680
70.85,681
70.86,682
70.89,683
70.9,684
70.92,685
70.93,686
70.96,687
71.04,688
71.05,689
71.14,690
71.18,691
71.23,692
71.26,693
71.34,694
71.35,695
71.37,696
71.41,697
71.43,698
71.44,699
71.45,700
71.47,701
71.48,702
71.49,703
71.5,704
71.51,705
71.54,706
71.55,707
71.65,708
71.69,709
71.7,710
71.73,711
71.74,712
71.8,713
71.83,714
71.84,715
71.86,716
71.9,717
71.93,718
71.94,719
71.95,720
71.97,721
71.99,722
72.0,723
72.04,724
72.05,725
72.06,726
72.09,727
72.14,728
72.15,729
72.19,730
72.22,731
72.27,732
72.33,733
72.36,734
72.37,735
72.38,736
72.44,737
72.54,738
72.58,739
72.63,740
72.64,741
72.66,742
72.71,743
72.72,744
72.77,745
72.79,746
72.8,747
72.84,748
72.85,749
72.88,750
72.92,751
72.93,752
72.94,753
72.96,754
73.01,755
73.02,756
73.05,757
73.06,758
73.18,759
73.31,760
73.37,761
73.47,762
73.49,763
73.53,764
73.54,765
73.55,766
73.63,767
73.64,768
73.71,769
73.72,770
73.73,771
73.74,772
73.75,773
73.8,774
73.81,775
73.82,776
73.84,777
73.85,778
73.86,779
73.89,780
73.91,781
73.92,782
73.93,783
73.94,784
73.95,785
73.99,786
74.0,787
74.01,788
74.04,789
74.05,790
74.07,791
74.1,792
74.15,793
74.18,794
74.2,795
74.21,796
74.22,797
74.25,798
74.26,799
74.27,800
74.28,801
74.3,802
74.33,803
74.34,804
74.39,805
74.42,806
74.51,807
74.52,808
74.54,809
74.56,810
74.58,811
74.6,812
74.67,813
74.68,814
74.7,815
74.72,816
74.75,817
74.78,818
74.79,819
74.85,820
74.86,821
74.91,822
74.94,823
74.97,824
74.98,825
75.11,826
75.12,827
75.17,828
75.19,829
75.23,830
75.3,831
75.37,832
75.4,833
75.42,834
75.44,835
75.46,836
75.48,837
75.5,838
75.53,839
75.56,840
75.57,841
75.58,842
75.65,843
75.79,844
75.82,845
75.85,846
75.88,847
75.9,848
75.92,849
75.94,850
75.95,851
75.96,852
75.98,853
75.99,854
76.07,855
76.08,856
76.1,857
76.11,858
76.13,859
76.15,860
76.18,861
76.22,862
76.23,863
76.24,864
76.25,865
76.26,866
76.31,867
76.33,868
76.36,869
76.42,870
76.47,871
76.49,872
76.52,873
76.55,874
76.57,875
76.58,876
76.59,877
76.6,878
76.61,879
76.65,880
76.76,881
76.79,882
76.81,883
76.85,884
76.9,885
76.91,886
76.93,887
76.94,888
76.96,889
76.98,890
76.99,891
77.02,892
77.09,893
77.1,894
77.13,895
77.15,896
77.17,897
77.21,898
77.24,899
77.25,900
77.27,901
77.28,902
77.29,903
77.35,904
77.37,905
77.38,906
77.45,907
77.46,908
77.48,909
77.49,910
77.54,911
77.6,912
77.67,913
77.68,914
77.71,915
77.74,916
77.77,917
77.78,918
77.8,919
77.84,920
77.86,921
77.89,922
77.91,923
77.93,924
77.95,925
77.96,926
77.97,927
77.99,928
78.01,929
78.02,930
78.05,931
78.07,932
78.12,933
78.21,934
78.24,935
78.25,936
78.31,937
78.32,938
78.38,939
78.39,940
78.43,941
78.47,942
78.48,943
78.53,944
78.59,945
78.63,946
78.68,947
78.69,948
78.7,949
78.71,950
78.79,951
78.83,952
78.89,953
78.94,954
78.99,955
79.0,956
79.02,957
79.03,958
79.07,959
79.11,960
79.14,961
79.17,962
79.2,963
79.22,964
79.23,965
79.24,966
79.29,967
79.33,968
79.34,969
79.36,970
79.37,971
79.38,972
79.4,973
79.41,974
79.43,975
79.45,976
79.48,977
79.49,978
79.5,979
79.53,980
79.56,981
79.58,982
79.59,983
79.63,984
79.65,985
79.66,986
79.67,987
79.68,988
79.7,989
79.74,990
79.75,991
79.76,992
79.79,993
79.83,994
79.9,995
79.92,996
79.96,997
80.02,998
80.1,999
80.12,1000
80.14,1001
80.15,1002
80.18,1003
80.28,1004
80.29,1005
80.31,1006
80.35,1007
80.36,1008
80.37,1009
80.38,1010
80.39,1011
80.41,1012
80.46,1013
80.48,1014
80.49,1015
80.52,1016
80.54,1017
80.6,1018
80.61,1019
80.62,1020
80.64,1021
80.65,1022
80.73,1023
80.75,1024
80.78,1025
80.79,1026
80.87,1027
80.89,1028
80.94,1029
80.95,1030
80.97,1031
80.98,1032
80.99,1033
81.0,1034
81.04,1035
81.16,1036
81.18,1037
81.28,1038
81.3,1039
81.34,1040
81.37,1041
81.46,1042
81.49,1043
81.54,1044
81.55,1045
81.56,1046
81.57,1047
81.58,1048
81.59,1049
81.61,1050
81.64,1051
81.7,1052
81.71,1053
81.76,1054
81.84,1055
81.86,1056
81.88,1057
81.93,1058
82.01,1059
82.03,1060
82.04,1061
82.05,1062
82.06,1063
82.08,1064
82.11,1065
82.12,1066
82.16,1067
82.17,1068
82.2,1069
82.21,1070
82.3,1071
82.33,1072
82.4,1073
82.41,1074
82.42,1075
82.45,1076
82.46,1077
82.5,1078
82.51,1079
82.52,1080
82.54,1081
82.56,1082
82.57,1083
82.66,1084
82.7,1085
82.71,1086
82.75,1087
82.78,1088
82.79,1089
82.84,1090
82.87,1091
82.88,1092
82.89,1093
82.93,1094
82.94,1095
82.95,1096
82.99,1097
83.0,1098
83.03,1099
83.08,1100
83.1,1101
83.11,1102
83.12,1103
83.14,1104
83.16,1105
83.17,1106
83.18,1107
83.24,1108
83.27,1109
83.31,1110
83.32,1111
83.36,1112
83.38,1113
83.46,1114
83.48,1115
83.51,1116
83.53,1117
83.55,1118
83.6,1119
83.63,1120
83.65,1121
83.67,1122
83.71,1123
83.72,1124
83.73,1125
83.75,1126
83.79,1127
83.81,1128
83.83,1129
83.86,1130
83.97,1131
83.98,1132
84.0,1133
84.03,1134
84.05,1135
84.06,1136
84.14,1137
84.17,1138
84.19,1139
84.2,1140
84.22,1141
84.26,1142
84.27,1143
84.29,1144
84.3,1145
84.32,1146
84.34,1147
84.38,1148
84.39,1149
84.41,1150
84.43,1151
84.44,1152
84.47,1153
84.51,1154
84.55,1155
84.63,1156
84.64,1157
84.65,1158
84.66,1159
84.67,1160
84.68,1161
84.7,1162
84.71,1163
84.73,1164
84.74,1165
84.75,1166
84.79,1167
84.82,1168
84.84,1169
84.86,1170
84.89,1171
84.93,1172
84.94,1173
84.97,1174
85.07,1175
85.12,1176
85.16,1177
85.19,1178
85.22,1179
85.3,1180
85.32,1181
85.34,1182
85.37,1183
85.38,1184
85.4,1185
85.41,1186
85.43,1187
85.49,1188
85.5,1189
85.51,1190
85.53,1191
85.55,1192
85.56,1193
85.61,1194
85.63,1195
85.64,1196
85.69,1197
85.7,1198
85.71,1199
85.75,1200
85.78,1201
85.79,1202
85.85,1203
85.9,1204
85.95,1205
86.03,1206
86.04,1207
86.05,1208
86.06,1209
86.12,1210
86.14,1211
86.15,1212
86.18,1213
86.21,1214
86.25,1215
86.28,1216
86.31,1217
86.34,1218
86.38,1219
86.41,1220
86.45,1221
86.46,1222
86.48,1223
86.54,1224
86.56,1225
86.62,1226
86.64,1227
86.65,1228
86.74,1229
86.81,1230
86.84,1231
86.87,1232
86.88,1233
86.95,1234
86.96,1235
87.0,1236
87.03,1237
87.06,1238
87.08,1239
87.11,1240
87.12,1241
87.17,1242
87.19,1243
87.2,1244
87.21,1245
87.22,1246
87.27,1247
87.28,1248
87.34,1249
87.35,1250
87.37,1251
87.39,1252
87.4,1253
87.41,1254
87.42,1255
87.43,1256
87.45,1257
87.46,1258
87.48,1259
87.49,1260
87.5,1261
87.51,1262
87.52,1263
87.65,1264
87.69,1265
87.77,1266
87.79,1267
87.8,1268
87.81,1269
87.82,1270
87.83,1271
87.84,1272
87.91,1273
87.94,1274
87.95,1275
88.0,1276
88.03,1277
88.07,1278
88.1,1279
88.11,1280
88.23,1281
88.24,1282
88.27,1283
88.3,1284
88.39,1285
88.4,1286
88.41,1287
88.42,1288
88.43,1289
88.44,1290
88.45,1291
88.46,1292
88.47,1293
88.51,1294
88.54,1295
88.57,1296
88.58,1297
88.61,1298
88.63,1299
88.71,1300
88.73,1301
88.76,1302
88.79,1303
88.88,1304
88.91,1305
88.93,1306
88.95,1307
88.96,1308
88.98,1309
89.01,1310
89.04,1311
89.05,1312
89.08,1313
89.13,1314
89.14,1315
89.18,1316
89.19,1317
89.2,1318
89.23,1319
89.29,1320
89.32,1321
89.36,1322
89.37,1323
89.38,1324
89.39,1325
89.4,1326
89.44,1327
89.48,1328
89.49,1329
89.53,1330
89.55,1331
89.58,1332
89.59,1333
89.61,1334
89.62,1335
89.63,1336
89.67,1337
89.68,1338
89.69,1339
89.7,1340
89.71,1341
89.76,1342
89.79,1343
89.8,1344
89.83,1345
89.85,1346
89.89,1347
89.91,1348
89.95,1349
89.96,1350
89.98,1351
90.0,1352
90.01,1353
90.05,1354
90.11,1355
90.12,1356
90.14,1357
90.17,1358
90.19,1359
90.22,1360
90.29,1361
90.3,1362
90.31,1363
90.34,1364
90.38,1365
90.41,1366
90.43,1367
90.51,1368
90.53,1369
90.54,1370
90.6,1371
90.62,1372
90.65,1373
90.69,1374
90.74,1375
90.76,1376
90.79,1377
90.83,1378
90.86,1379
90.93,1380
90.95,1381
90.98,1382
91.03,1383
91.04,1384
91.06,1385
91.12,1386
91.18,1387
91.22,1388
91.23,1389
91.26,1390
91.27,1391
91.28,1392
91.31,1393
91.36,1394
91.38,1395
91.42,1396
91.45,1397
91.47,1398
91.48,1399
91.5,1400
91.51,1401
91.54,1402
91.56,1403
91.64,1404
91.65,1405
91.67,1406
91.72,1407
91.75,1408
91.8,1409
91.89,1410
91.98,1411
92.02,1412
92.1,1413
92.15,1414
92.24,1415
92.25,1416
92.28,1417
92.32,1418
92.33,1419
92.36,1420
92.37,1421
92.45,1422
92.46,1423
92.49,1424
92.52,1425
92.56,1426
92.58,1427
92.6,1428
92.61,1429
92.62,1430
92.64,1431
92.67,1432
92.71,1433
92.77,1434
92.78,1435
92.79,1436
92.85,1437
92.86,1438
92.92,1439
92.94,1440
92.95,1441
92.96,1442
93.0,1443
93.11,1444
93.12,1445
93.19,1446
93.2,1447
93.22,1448
93.31,1449
93.32,1450
93.38,1451
93.39,1452
93.42,1453
93.43,1454
93.48,1455
93.52,1456
93.54,1457
93.58,1458
93.62,1459
93.67,1460
93.69,1461
93.73,1462
93.78,1463
93.79,1464
93.8,1465
93.82,1466
93.89,1467
93.9,1468
93.92,1469
93.97,1470
94.01,1471
94.09,1472
94.1,1473
94.13,1474
94.19,1475
94.21,1476
94.22,1477
94.25,1478
94.26,1479
94.27,1480
94.28,1481
94.33,1482
94.34,1483
94.36,1484
94.4,1485
94.41,1486
94.42,1487
94.43,1488
94.46,1489
94.47,1490
94.5,1491
94.55,1492
94.56,1493
94.59,1494
94.6,1495
94.64,1496
94.65,1497
94.68,1498
94.69,1499
94.7,1500
94.73,1501
94.75,1502
94.76,1503
94.78,1504
94.8,1505
94.82,1506
94.83,1507
94.88,1508
94.89,1509
94.94,1510
94.95,1511
94.97,1512
95.01,1513
95.02,1514
95.03,1515
95.04,1516
95.09,1517
95.1,1518
95.12,1519
95.13,1520
95.17,1521
95.26,1522
95.27,1523
95.34,1524
95.41,1525
95.43,1526
95.46,1527
95.52,1528
95.55,1529
95.58,1530
95.59,1531
95.63,1532
95.64,1533
95.65,1534
95.66,1535
95.69,1536
95.72,1537
95.73,1538
95.75,1539
95.86,1540
95.9,1541
95.92,1542
95.93,1543
95.94,1544
95.95,1545
96.02,1546
96.09,1547
96.16,1548
96.21,1549
96.24,1550
96.25,1551
96.31,1552
96.33,1553
96.41,1554
96.43,1555
96.44,1556
96.51,1557
96.52,1558
96.55,1559
96.61,1560
96.63,1561
96.67,1562
96.75,1563
96.78,1564
96.79,1565
96.8,1566
96.81,1567
96.82,1568
96.89,1569
96.94,1570
97.0,1571
97.06,1572
97.08,1573
97.14,1574
97.18,1575
97.19,1576
97.21,1577
97.22,1578
97.23,1579
97.27,1580
97.3,1581
97.31,1582
97.37,1583
97.39,1584
97.4,1585
97.41,1586
97.45,1587
97.47,1588
97.48,1589
97.5,1590
97.54,1591
97.55,1592
97.58,1593
97.59,1594
97.62,1595
97.65,1596
97.67,1597
97.71,1598
97.74,1599
97.84,1600
97.86,1601
97.88,1602
97.89,1603
97.9,1604
97.93,1605
97.97,1606
97.98,1607
98.01,1608
98.02,1609
98.03,1610
98.07,1611
98.12,1612
98.13,1613
98.22,1614
98.3,1615
98.31,1616
98.32,1617
98.34,1618
98.36,1619
98.37,1620
98.38,1621
98.39,1622
98.42,1623
98.45,1624
98.48,1625
98.49,1626
98.5,1627
98.54,1628
98.55,1629
98.57,1630
98.59,1631
98.64,1632
98.67,1633
98.77,1634
98.8,1635
98.82,1636
98.86,1637
99.03,1638
99.04,1639
99.06,1640
99.11,1641
99.12,1642
99.17,1643
99.18,1644
99.19,1645
99.2,1646
99.21,1647
99.43,1648
99.45,1649
99.49,1650
99.51,1651
99.53,1652
99.54,1653
99.55,1654
99.59,1655
99.6,1656
99.61,1657
99.64,1658
99.67,1659
99.68,1660
99.75,1661
99.76,1662
99.77,1663
99.78,1664
99.87,1665
99.89,1666
99.92,1667
99.95,1668
99.97,1669
100.01,1670
100.04,1671
100.05,1672
100.06,1673
100.08,1674
100.09,1675
100.1,1676
100.11,1677
100.14,1678
100.15,1679
100.18,1680
100.26,1681
100.28,1682
100.38,1683
100.39,1684
100.42,1685
100.46,1686
100.49,1687
100.5,1688
100.56,1689
100.57,1690
100.58,1691
100.63,1692
100.65,1693
100.66,1694
100.69,1695
100.74,1696
100.75,1697
100.76,1698
100.77,1699
100.78,1700
100.81,1701
100.83,1702
100.89,1703
100.9,1704
100.93,1705
100.94,1706
100.97,1707
100.99,1708
101.0,1709
101.06,1710
101.07,1711
101.09,1712
101.1,1713
101.12,1714
101.13,1715
101.14,1716
101.15,1717
101.18,1718
101.29,1719
101.31,1720
101.34,1721
101.41,1722
101.43,1723
101.44,1724
101.49,1725
101.52,1726
101.54,1727
101.6,1728
101.63,1729
101.65,1730
101.66,1731
101.68,1732
101.72,1733
101.74,1734
101.76,1735
101.82,1736
101.83,1737
101.84,1738
101.87,1739
101.89,1740
101.94,1741
101.96,1742
102.02,1743
102.06,1744
102.09,1745
102.11,1746
102.18,1747
102.2,1748
102.22,1749
102.24,1750
102.26,1751
102.27,1752
102.3,1753
102.34,1754
102.36,1755
102.39,1756
102.4,1757
102.41,1758
102.42,1759
102.45,1760
102.46,1761
102.52,1762
102.55,1763
102.56,1764
102.63,1765
102.66,1766
102.69,1767
102.71,1768
102.74,1769
102.78,1770
102.82,1771
102.84,1772
102.86,1773
102.87,1774
102.88,1775
102.92,1776
102.95,1777
102.96,1778
102.97,1779
103.0,1780
103.01,1781
103.03,1782
103.04,1783
103.06,1784
103.1,1785
103.12,1786
103.13,1787
103.14,1788
103.15,1789
103.17,1790
103.18,1791
103.21,1792
103.22,1793
103.24,1794
103.27,1795
103.28,1796
103.33,1797
103.34,1798
103.38,1799
103.4,1800
103.42,1801
103.43,1802
103.51,1803
103.56,1804
103.57,1805
103.6,1806
103.63,1807
103.66,1808
103.69,1809
103.7,1810
103.71,1811
103.74,1812
103.75,1813
103.76,1814
103.78,1815
103.83,1816
103.84,1817
103.85,1818
103.86,1819
103.95,1820
103.97,1821
103.98,1822
104.0,1823
104.01,1824
104.03,1825
104.04,1826
104.09,1827
104.15,1828
104.16,1829
104.23,1830
104.28,1831
104.29,1832
104.34,1833
104.35,1834
104.36,1835
104.38,1836
104.39,1837
104.46,1838
104.48,1839
104.52,1840
104.57,1841
104.61,1842
104.62,1843
104.65,1844
104.68,1845
104.69,1846
104.7,1847
104.78,1848
104.81,1849
104.92,1850
105.0,1851
105.01,1852
105.04,1853
105.07,1854
105.1,1855
105.12,1856
105.14,1857
105.15,1858
105.17,1859
105.24,1860
105.3,1861
105.39,1862
105.42,1863
105.43,1864
105.45,1865
105.48,1866
105.49,1867
105.51,1868
105.53,1869
105.57,1870
105.66,1871
105.71,1872
105.75,1873
105.8,1874
105.82,1875
105.86,1876
105.88,1877
105.9,1878
105.93,1879
105.95,1880
105.98,1881
105.99,1882
106.01,1883
106.02,1884
106.07,1885
106.14,1886
106.16,1887
106.2,1888
106.22,1889
106.25,1890
106.29,1891
106.31,1892
106.34,1893
106.36,1894
106.41,1895
106.42,1896
106.43,1897
106.44,1898
106.46,1899
106.5,1900
106.52,1901
106.54,1902
106.57,1903
106.58,1904
106.62,1905
106.76,1906
106.78,1907
106.79,1908
106.8,1909
106.81,1910
106.88,1911
106.89,1912
107.02,1913
107.05,1914
107.06,1915
107.07,1916
107.09,1917
107.11,1918
107.14,1919
107.18,1920
107.19,1921
107.22,1922
107.27,1923
107.31,1924
107.33,1925
107.34,1926
107.35,1927
107.36,1928
107.37,1929
107.4,1930
107.43,1931
107.44,1932
107.47,1933
107.48,1934
107.49,1935
107.55,1936
107.56,1937
107.61,1938
107.63,1939
107.68,1940
107.69,1941
107.73,1942
107.75,1943
107.81,1944
107.88,1945
107.9,1946
107.91,1947
107.97,1948
108.03,1949
108.06,1950
108.16,1951
108.18,1952
108.21,1953
108.26,1954
108.29,1955
108.31,1956
108.34,1957
108.36,1958
108.42,1959
108.47,1960
108.48,1961
108.49,1962
108.5,1963
108.52,1964
108.53,1965
108.62,1966
108.68,1967
108.7,1968
108.73,1969
108.76,1970
108.79,1971
108.81,1972
108.82,1973
108.9,1974
108.91,1975
108.92,1976
108.94,1977
108.96,1978
108.97,1979
108.99,1980
109.01,1981
109.04,1982
109.13,1983
109.15,1984
109.21,1985
109.25,1986
109.27,1987
109.39,1988
109.43,1989
109.45,1990
109.47,1991
109.5,1992
109.52,1993
109.53,1994
109.55,1995
109.56,1996
109.58,1997
109.6,1998
109.62,1999
109.64,2000
109.66,2001
109.77,2002
109.81,2003
109.86,2004
109.9,2005
109.96,2006
109.98,2007
109.99,2008
110.03,2009
110.07,2010
110.09,2011
110.1,2012
110.14,2013
110.23,2014
110.24,2015
110.3,2016
110.36,2017
110.37,2018
110.39,2019
110.46,2020
110.52,2021
110.55,2022
110.57,2023
110.66,2024
110.71,2025
110.72,2026
110.73,2027
110.87,2028
110.93,2029
110.95,2030
110.98,2031
110.99,2032
111.03,2033
111.08,2034
111.13,2035
111.16,2036
111.21,2037
111.22,2038
111.23,2039
111.24,2040
111.27,2041
111.28,2042
111.32,2043
111.38,2044
111.39,2045
111.4,2046
111.42,2047
111.43,2048
111.46,2049
111.48,2050
111.53,2051
111.56,2052
111.57,2053
111.59,2054
111.6,2055
111.64,2056
111.65,2057
111.66,2058
111.68,2059
111.72,2060
111.74,2061
111.81,2062
111.82,2063
111.83,2064
111.87,2065
111.94,2066
111.96,2067
111.98,2068
112.03,2069
112.04,2070
112.05,2071
112.06,2072
112.1,2073
112.16,2074
112.22,2075
112.25,2076
112.26,2077
112.28,2078
112.29,2079
112.34,2080
112.43,2081
112.49,2082
112.51,2083
112.54,2084
112.57,2085
112.58,2086
112.69,2087
112.75,2088
112.88,2089
112.98,2090
112.99,2091
113.02,2092
113.03,2093
113.07,2094
113.1,2095
113.16,2096
113.18,2097
113.19,2098
113.2,2099
113.26,2100
113.27,2101
113.28,2102
113.31,2103
113.37,2104
113.38,2105
113.39,2106
113.46,2107
113.48,2108
113.5,2109
113.53,2110
113.54,2111
113.57,2112
113.6,2113
113.64,2114
113.67,2115
113.7,2116
113.74,2117
113.75,2118
113.81,2119
113.89,2120
113.92,2121
113.94,2122
113.99,2123
114.04,2124
114.06,2125
114.08,2126
114.1,2127
114.2,2128
114.3,2129
114.32,2130
114.35,2131
114.37,2132
114.39,2133
114.48,2134
114.53,2135
114.54,2136
114.55,2137
114.61,2138
114.62,2139
114.63,2140
114.64,2141
114.68,2142
114.72,2143
114.8,2144
114.83,2145
114.88,2146
114.9,2147
114.92,2148
114.96,2149
115.0,2150
115.01,2151
115.05,2152
115.06,2153
115.1,2154
115.19,2155
115.21,2156
115.22,2157
115.24,2158
115.26,2159
115.29,2160
115.31,2161
115.32,2162
115.33,2163
115.37,2164
115.42,2165
115.47,2166
115.48,2167
115.53,2168
115.55,2169
115.56,2170
115.58,2171
115.59,2172
115.63,2173
115.64,2174
115.67,2175
115.69,2176
115.71,2177
115.76,2178
115.78,2179
115.79,2180
115.8,2181
115.82,2182
115.84,2183
115.85,2184
115.86,2185
115.87,2186
115.95,2187
115.98,2188
115.99,2189
116.05,2190
116.13,2191
116.14,2192
116.21,2193
116.29,2194
116.32,2195
116.34,2196
116.39,2197
116.44,2198
116.45,2199
116.47,2200
116.52,2201
116.53,2202
116.58,2203
116.59,2204
116.6,2205
116.62,2206
116.65,2207
116.67,2208
116.68,2209
116.69,2210
116.7,2211
116.71,2212
116.73,2213
116.77,2214
116.8,2215
116.81,2216
116.85,2217
116.9,2218
116.93,2219
117.01,2220
117.04,2221
117.11,2222
117.15,2223
117.16,2224
117.17,2225
117.18,2226
117.19,2227
117.24,2228
117.28,2229
117.3,2230
117.33,2231
117.35,2232
117.43,2233
117.48,2234
117.58,2235
117.67,2236
117.72,2237
117.81,2238
117.84,2239
117.86,2240
117.89,2241
117.95,2242
117.97,2243
118.01,2244
118.02,2245
118.04,2246
118.13,2247
118.14,2248
118.15,2249
118.17,2250
118.2,2251
118.22,2252
118.27,2253
118.29,2254
118.31,2255
118.35,2256
118.36,2257
118.39,2258
118.41,2259
118.42,2260
118.44,2261
118.5,2262
118.62,2263
118.64,2264
118.65,2265
118.67,2266
118.68,2267
118.71,2268
118.74,2269
118.77,2270
118.84,2271
118.87,2272
118.92,2273
118.93,2274
118.96,2275
118.98,2276
118.99,2277
119.0,2278
119.06,2279
119.07,2280
119.09,2281
119.11,2282
119.15,2283
119.23,2284
119.25,2285
119.29,2286
119.32,2287
119.42,2288
119.43,2289
119.44,2290
119.49,2291
119.5,2292
119.51,2293
119.59,2294
119.61,2295
119.63,2296
119.64,2297
119.65,2298
119.68,2299
119.69,2300
119.73,2301
119.81,2302
119.82,2303
119.84,2304
119.85,2305
119.88,2306
119.89,2307
119.91,2308
119.94,2309
119.96,2310
120.03,2311
120.06,2312
120.07,2313
120.13,2314
120.14,2315
120.16,2316
120.24,2317
120.28,2318
120.43,2319
120.44,2320
120.45,2321
120.47,2322
120.52,2323
120.56,2324
120.6,2325
120.61,2326
120.66,2327
120.67,2328
120.72,2329
120.73,2330
120.76,2331
120.77,2332
120.8,2333
120.82,2334
120.85,2335
120.87,2336
120.88,2337
120.92,2338
120.96,2339
120.98,2340
120.99,2341
121.12,2342
121.13,2343
121.2,2344
121.22,2345
121.23,2346
121.25,2347
121.26,2348
121.27,2349
121.28,2350
121.3,2351
121.33,2352
121.34,2353
121.39,2354
121.5,2355
121.51,2356
121.55,2357
121.56,2358
121.58,2359
121.64,2360
121.69,2361
121.7,2362
121.72,2363
121.75,2364
121.76,2365
121.85,2366
121.86,2367
121.9,2368
121.91,2369
121.95,2370
121.96,2371
122.06,2372
122.08,2373
122.1,2374
122.12,2375
122.13,2376
122.15,2377
122.19,2378
122.2,2379
122.24,2380
122.31,2381
122.32,2382
122.35,2383
122.36,2384
122.37,2385
122.44,2386
122.46,2387
122.5,2388
122.53,2389
122.58,2390
122.59,2391
122.6,2392
122.61,2393
122.79,2394
122.8,2395
122.85,2396
122.97,2397
123.01,2398
123.03,2399
123.12,2400
123.15,2401
123.16,2402
123.21,2403
123.22,2404
123.27,2405
123.31,2406
123.32,2407
123.38,2408
123.43,2409
123.49,2410
123.52,2411
123.61,2412
123.64,2413
123.73,2414
123.77,2415
123.78,2416
123.82,2417
123.84,2418
123.89,2419
123.91,2420
123.92,2421
123.94,2422
123.95,2423
123.97,2424
124.07,2425
124.12,2426
124.17,2427
124.21,2428
124.24,2429
124.25,2430
124.41,2431
124.43,2432
124.44,2433
124.47,2434
124.48,2435
124.5,2436
124.54,2437
124.61,2438
124.66,2439
124.68,2440
124.69,2441
124.7,2442
124.72,2443
124.76,2444
124.79,2445
124.83,2446
124.85,2447
124.86,2448
124.88,2449
124.94,2450
124.97,2451
125.01,2452
125.04,2453
125.05,2454
125.08,2455
125.11,2456
125.12,2457
125.13,2458
125.14,2459
125.15,2460
125.19,2461
125.22,2462
125.24,2463
125.25,2464
125.27,2465
125.38,2466
125.4,2467
125.42,2468
125.45,2469
125.48,2470
125.53,2471
125.62,2472
125.64,2473
125.66,2474
125.67,2475
125.69,2476
125.7,2477
125.76,2478
125.85,2479
125.86,2480
125.87,2481
125.89,2482
125.91,2483
125.92,2484
125.93,2485
125.94,2486
125.96,2487
125.97,2488
126.02,2489
126.06,2490
126.1,2491
126.12,2492
126.14,2493
126.16,2494
126.19,2495
126.22,2496
126.23,2497
126.24,2498
126.33,2499
126.39,2500
126.45,2501
126.48,2502
126.55,2503
126.58,2504
126.6,2505
126.62,2506
126.64,2507
126.66,2508
126.67,2509
126.68,2510
126.69,2511
126.71,2512
126.78,2513
126.87,2514
126.9,2515
126.94,2516
126.96,2517
127.03,2518
127.05,2519
127.07,2520
127.09,2521
127.11,2522
127.12,2523
127.15,2524
127.2,2525
127.26,2526
127.28,2527
127.35,2528
127.39,2529
127.4,2530
127.46,2531
127.47,2532
127.48,2533
127.49,2534
127.5,2535
127.52,2536
127.57,2537
127.6,2538
127.62,2539
127.63,2540
127.64,2541
127.65,2542
127.7,2543
127.75,2544
127.77,2545
127.79,2546
127.81,2547
127.83,2548
127.89,2549
127.91,2550
127.92,2551
127.94,2552
127.96,2553
128.03,2554
128.04,2555
128.05,2556
128.08,2557
128.1,2558
128.11,2559
128.13,2560
128.14,2561
128.17,2562
128.18,2563
128.2,2564
128.22,2565
128.26,2566
128.27,2567
128.37,2568
128.41,2569
128.43,2570
128.48,2571
128.52,2572
128.54,2573
128.58,2574
128.64,2575
128.66,2576
128.67,2577
128.69,2578
128.73,2579
128.74,2580
128.75,2581
128.76,2582
128.83,2583
128.88,2584
128.93,2585
128.94,2586
128.97,2587
129.01,2588
129.03,2589
129.07,2590
129.08,2591
129.11,2592
129.13,2593
129.17,2594
129.19,2595
129.24,2596
129.26,2597
129.27,2598
129.31,2599
129.32,2600
129.36,2601
129.37,2602
129.38,2603
129.4,2604
129.43,2605
129.53,2606
129.56,2607
129.57,2608
129.58,2609
129.62,2610
129.63,2611
129.64,2612
129.65,2613
129.66,2614
129.71,2615
129.75,2616
129.81,2617
129.85,2618
129.87,2619
129.88,2620
129.91,2621
129.94,2622
129.95,2623
130.0,2624
130.04,2625
130.06,2626
130.07,2627
130.09,2628
130.13,2629
130.14,2630
130.19,2631
130.2,2632
130.26,2633
130.27,2634
130.28,2635
130.32,2636
130.35,2637
130.36,2638
130.39,2639
130.47,2640
130.53,2641
130.54,2642
130.55,2643
130.57,2644
130.58,2645
130.6,2646
130.61,2647
130.7,2648
130.73,2649
130.75,2650
130.76,2651
130.78,2652
130.79,2653
130.81,2654
130.87,2655
130.9,2656
131.03,2657
131.04,2658
131.06,2659
131.07,2660
131.08,2661
131.13,2662
131.14,2663
131.2,2664
131.21,2665
131.22,2666
131.26,2667
131.28,2668
131.33,2669
131.34,2670
131.36,2671
131.38,2672
131.4,2673
131.43,2674
131.45,2675
131.62,2676
131.64,2677
131.68,2678
131.75,2679
131.79,2680
131.81,2681
131.83,2682
131.86,2683
131.94,2684
131.96,2685
132.0,2686
132.1,2687
132.12,2688
132.23,2689
132.26,2690
132.28,2691
132.3,2692
132.32,2693
132.42,2694
132.44,2695
132.47,2696
132.5,2697
132.52,2698
132.54,2699
132.56,2700
132.57,2701
132.61,2702
132.62,2703
132.63,2704
132.7,2705
132.71,2706
132.77,2707
132.81,2708
132.85,2709
132.92,2710
132.98,2711
133.02,2712
133.03,2713
133.05,2714
133.06,2715
133.08,2716
133.09,2717
133.11,2718
133.12,2719
133.14,2720
133.19,2721
133.27,2722
133.28,2723
133.3,2724
133.32,2725
133.34,2726
133.35,2727
133.38,2728
133.46,2729
133.5,2730
133.52,2731
133.56,2732
133.59,2733
133.65,2734
133.7,2735
133.73,2736
133.78,2737
133.81,2738
133.82,2739
133.84,2740
133.89,2741
133.91,2742
133.96,2743
133.97,2744
134.0,2745
134.02,2746
134.09,2747
134.12,2748
134.17,2749
134.18,2750
134.19,2751
134.28,2752
134.29,2753
134.3,2754
134.31,2755
134.35,2756
134.38,2757
134.4,2758
134.42,2759
134.49,2760
134.52,2761
134.56,2762
134.6,2763
134.62,2764
134.65,2765
134.66,2766
134.67,2767
134.7,2768
134.74,2769
134.76,2770
134.79,2771
134.8,2772
134.81,2773
134.88,2774
134.89,2775
134.93,2776
134.94,2777
134.95,2778
135.0,2779
135.01,2780
135.07,2781
135.11,2782
135.12,2783
135.13,2784
135.15,2785
135.17,2786
135.18,2787
135.2,2788
135.25,2789
135.29,2790
135.3,2791
135.34,2792
135.37,2793
135.38,2794
135.42,2795
135.43,2796
135.48,2797
135.49,2798
135.53,2799
135.54,2800
135.56,2801
135.6,2802
135.64,2803
135.7,2804
135.72,2805
135.75,2806
135.76,2807
135.77,2808
135.88,2809
135.91,2810
135.92,2811
135.93,2812
136.0,2813
136.01,2814
136.02,2815
136.03,2816
136.08,2817
136.12,2818
136.17,2819
136.18,2820
136.2,2821
136.21,2822
136.27,2823
136.29,2824
136.31,2825
136.32,2826
136.33,2827
136.34,2828
136.42,2829
136.43,2830
136.48,2831
136.49,2832
136.59,2833
136.65,2834
136.66,2835
136.78,2836
136.82,2837
136.9,2838
136.91,2839
136.94,2840
136.97,2841
137.02,2842
137.03,2843
137.05,2844
137.08,2845
137.09,2846
137.14,2847
137.16,2848
137.19,2849
137.3,2850
137.33,2851
137.35,2852
137.36,2853
137.41,2854
137.45,2855
137.49,2856
137.56,2857
137.58,2858
137.65,2859
137.66,2860
137.72,2861
137.77,2862
137.78,2863
137.8,2864
137.83,2865
137.89,2866
137.98,2867
138.01,2868
138.02,2869
138.03,2870
138.08,2871
138.1,2872
138.11,2873
138.16,2874
138.19,2875
138.2,2876
138.27,2877
138.28,2878
138.29,2879
138.31,2880
138.32,2881
138.34,2882
138.37,2883
138.38,2884
138.39,2885
138.42,2886
138.45,2887
138.46,2888
138.47,2889
138.52,2890
138.53,2891
138.54,2892
138.55,2893
138.56,2894
138.57,2895
138.59,2896
138.6,2897
138.62,2898
138.63,2899
138.65,2900
138.67,2901
138.68,2902
138.7,2903
138.71,2904
138.72,2905
138.75,2906
138.76,2907
138.79,2908
138.81,2909
138.82,2910
138.83,2911
138.88,2912
138.89,2913
138.9,2914
138.93,2915
138.98,2916
139.02,2917
139.07,2918
139.15,2919
139.22,2920
139.25,2921
139.27,2922
139.31,2923
139.35,2924
139.36,2925
139.37,2926
139.38,2927
139.43,2928
139.44,2929
139.45,2930
139.46,2931
139.49,2932
139.52,2933
139.55,2934
139.56,2935
139.58,2936
139.6,2937
139.62,2938
139.65,2939
139.68,2940
139.69,2941
139.7,2942
139.72,2943
139.73,2944
139.74,2945
139.78,2946
139.82,2947
139.83,2948
139.86,2949
139.87,2950
139.88,2951
139.9,2952
139.95,2953
140.01,2954
140.02,2955
140.06,2956
140.09,2957
140.1,2958
140.11,2959
140.14,2960
140.17,2961
140.19,2962
140.22,2963
140.27,2964
140.28,2965
140.29,2966
140.33,2967
140.35,2968
140.36,2969
140.37,2970
140.38,2971
140.39,2972
140.4,2973
140.43,2974
140.44,2975
140.47,2976
140.49,2977
140.54,2978
140.56,2979
140.57,2980
140.58,2981
140.64,2982
140.65,2983
140.66,2984
140.67,2985
140.7,2986
140.72,2987
140.8,2988
140.83,2989
140.84,2990
140.85,2991
140.88,2992
140.89,2993
140.92,2994
141.01,2995
141.07,2996
141.21,2997
141.3,2998
141.32,2999
141.33,3000
141.34,3001
141.35,3002
141.38,3003
141.4,3004
141.41,3005
141.43,3006
141.44,3007
141.47,3008
141.54,3009
141.55,3010
141.56,3011
141.57,3012
141.58,3013
141.59,3014
141.6,3015
141.61,3016
141.63,3017
141.7,3018
141.71,3019
141.72,3020
141.77,3021
141.84,3022
141.86,3023
141.88,3024
141.89,3025
141.95,3026
141.97,3027
141.98,3028
142.01,3029
142.03,3030
142.06,3031
142.09,3032
142.12,3033
142.14,3034
142.15,3035
142.17,3036
142.22,3037
142.23,3038
142.26,3039
142.29,3040
142.31,3041
142.32,3042
142.33,3043
142.34,3044
142.35,3045
142.37,3046
142.39,3047
142.44,3048
142.45,3049
142.51,3050
142.57,3051
142.58,3052
142.63,3053
142.71,3054
142.79,3055
142.86,3056
142.9,3057
143.0,3058
143.06,3059
143.08,3060
143.09,3061
143.1,3062
143.15,3063
143.16,3064
143.17,3065
143.19,3066
143.36,3067
143.43,3068
143.45,3069
143.46,3070
143.57,3071
143.58,3072
143.61,3073
143.7,3074
143.72,3075
143.76,3076
143.81,3077
143.88,3078
143.89,3079
143.91,3080
143.95,3081
143.97,3082
144.04,3083
144.07,3084
144.09,3085
144.15,3086
144.23,3087
144.25,3088
144.27,3089
144.28,3090
144.3,3091
144.31,3092
144.37,3093
144.38,3094
144.42,3095
144.46,3096
144.51,3097
144.53,3098
144.54,3099
144.63,3100
144.64,3101
144.65,3102
144.67,3103
144.69,3104
144.72,3105
144.74,3106
144.75,3107
144.77,3108
144.8,3109
144.81,3110
144.82,3111
144.86,3112
144.88,3113
144.89,3114
144.9,3115
144.93,3116
144.94,3117
144.95,3118
144.96,3119
144.97,3120
145.03,3121
145.14,3122
145.15,3123
145.18,3124
145.19,3125
145.21,3126
145.22,3127
145.24,3128
145.28,3129
145.32,3130
145.36,3131
145.38,3132
145.39,3133
145.4,3134
145.41,3135
145.44,3136
145.45,3137
145.46,3138
145.49,3139
145.52,3140
145.55,3141
145.56,3142
145.58,3143
145.61,3144
145.65,3145
145.66,3146
145.7,3147
145.74,3148
145.75,3149
145.79,3150
145.81,3151
145.84,3152
145.91,3153
145.94,3154
145.96,3155
145.98,3156
146.02,3157
146.12,3158
146.13,3159
146.14,3160
146.15,3161
146.19,3162
146.21,3163
146.23,3164
146.25,3165
146.27,3166
146.28,3167
146.29,3168
146.32,3169
146.37,3170
146.42,3171
146.48,3172
146.52,3173
146.54,3174
146.55,3175
146.57,3176
146.7,3177
146.71,3178
146.73,3179
146.76,3180
146.81,3181
146.82,3182
146.83,3183
146.84,3184
146.85,3185
146.89,3186
146.97,3187
147.0,3188
147.01,3189
147.02,3190
147.04,3191
147.06,3192
147.08,3193
147.16,3194
147.19,3195
147.2,3196
147.24,3197
147.27,3198
147.31,3199
147.32,3200
147.36,3201
147.37,3202
147.41,3203
147.56,3204
147.57,3205
147.58,3206
147.6,3207
147.62,3208
147.66,3209
147.69,3210
147.71,3211
147.8,3212
147.82,3213
147.86,3214
147.88,3215
147.92,3216
147.94,3217
147.96,3218
147.98,3219
147.99,3220
148.01,3221
148.05,3222
148.11,3223
148.13,3224
148.23,3225
148.27,3226
148.29,3227
148.34,3228
148.35,3229
148.39,3230
148.5,3231
148.55,3232
148.58,3233
148.59,3234
148.6,3235
148.61,3236
148.64,3237
148.66,3238
148.68,3239
148.7,3240
148.71,3241
148.8,3242
148.81,3243
148.84,3244
148.86,3245
148.88,3246
148.9,3247
148.91,3248
148.92,3249
149.04,3250
149.07,3251
149.08,3252
149.09,3253
149.11,3254
149.13,3255
149.18,3256
149.19,3257
149.28,3258
149.29,3259
149.3,3260
149.31,3261
149.33,3262
149.35,3263
149.39,3264
149.43,3265
149.44,3266
149.48,3267
149.52,3268
149.53,3269
149.63,3270
149.64,3271
149.65,3272
149.7,3273
149.74,3274
149.75,3275
149.78,3276
149.79,3277
149.82,3278
149.83,3279
149.84,3280
149.88,3281
149.93,3282
149.94,3283
150.05,3284
150.06,3285
150.07,3286
150.1,3287
150.12,3288
150.15,3289
150.21,3290
150.24,3291
150.32,3292
150.36,3293
150.38,3294
150.47,3295
150.53,3296
150.55,3297
150.56,3298
150.58,3299
150.62,3300
150.67,3301
150.7,3302
150.73,3303
150.74,3304
150.75,3305
150.76,3306
150.79,3307
150.8,3308
150.81,3309
150.84,3310
150.89,3311
150.9,3312
150.97,3313
150.99,3314
151.01,3315
151.05,3316
151.1,3317
151.11,3318
151.16,3319
151.18,3320
151.2,3321
151.21,3322
151.27,3323
151.29,3324
151.31,3325
151.34,3326
151.38,3327
151.4,3328
151.42,3329
151.51,3330
151.52,3331
151.53,3332
151.55,3333
151.56,3334
151.58,3335
151.62,3336
151.65,3337
151.67,3338
151.72,3339
151.73,3340
151.74,3341
151.75,3342
151.76,3343
151.77,3344
151.8,3345
151.88,3346
151.89,3347
151.95,3348
152.03,3349
152.04,3350
152.05,3351
152.08,3352
152.11,3353
152.12,3354
152.14,3355
152.15,3356
152.16,3357
152.17,3358
152.22,3359
152.27,3360
152.3,3361
152.37,3362
152.44,3363
152.63,3364
152.65,3365
152.71,3366
152.72,3367
152.76,3368
152.77,3369
152.79,3370
152.82,3371
152.83,3372
152.84,3373
152.91,3374
152.92,3375
152.93,3376
152.95,3377
153.04,3378
153.05,3379
153.07,3380
153.11,3381
153.12,3382
153.14,3383
153.16,3384
153.21,3385
153.24,3386
153.25,3387
153.31,3388
153.32,3389
153.33,3390
153.37,3391
153.39,3392
153.43,3393
153.45,3394
153.51,3395
153.52,3396
153.64,3397
153.65,3398
153.68,3399
153.69,3400
153.7,3401
153.71,3402
153.81,3403
153.89,3404
153.9,3405
153.94,3406
153.95,3407
153.99,3408
154.0,3409
154.01,3410
154.11,3411
154.13,3412
154.14,3413
154.17,3414
154.19,3415
154.22,3416
154.25,3417
154.27,3418
154.29,3419
154.31,3420
154.32,3421
154.35,3422
154.4,3423
154.41,3424
154.57,3425
154.59,3426
154.61,3427
154.66,3428
154.68,3429
154.71,3430
154.72,3431
154.76,3432
154.77,3433
154.78,3434
154.81,3435
154.84,3436
154.89,3437
154.9,3438
154.91,3439
154.92,3440
154.95,3441
155.0,3442
155.04,3443
155.06,3444
155.07,3445
155.09,3446
155.1,3447
155.14,3448
155.16,3449
155.18,3450
155.19,3451
155.2,3452
155.21,3453
155.23,3454
155.24,3455
155.34,3456
155.35,3457
155.37,3458
155.38,3459
155.4,3460
155.42,3461
155.48,3462
155.52,3463
155.53,3464
155.54,3465
155.55,3466
155.58,3467
155.59,3468
155.62,3469
155.63,3470
155.64,3471
155.67,3472
155.71,3473
155.72,3474
155.73,3475
155.75,3476
155.82,3477
155.84,3478
155.85,3479
155.88,3480
155.93,3481
155.94,3482
155.97,3483
155.99,3484
156.0,3485
156.05,3486
156.07,3487
156.1,3488
156.11,3489
156.12,3490
156.14,3491
156.19,3492
156.2,3493
156.21,3494
156.23,3495
156.24,3496
156.25,3497
156.31,3498
156.33,3499
156.35,3500
156.38,3501
156.43,3502
156.48,3503
156.51,3504
156.53,3505
156.55,3506
156.59,3507
156.63,3508
156.68,3509
156.73,3510
156.76,3511
156.77,3512
156.82,3513
156.84,3514
156.9,3515
156.92,3516
156.95,3517
156.97,3518
157.01,3519
157.02,3520
157.03,3521
157.04,3522
157.05,3523
157.09,3524
157.11,3525
157.12,3526
157.13,3527
157.18,3528
157.22,3529
157.24,3530
157.26,3531
157.28,3532
157.31,3533
157.36,3534
157.37,3535
157.49,3536
157.5,3537
157.52,3538
157.53,3539
157.58,3540
157.59,3541
157.6,3542
157.64,3543
157.66,3544
157.71,3545
157.74,3546
157.82,3547
157.89,3548
157.9,3549
157.91,3550
157.94,3551
157.96,3552
157.97,3553
157.98,3554
158.01,3555
158.03,3556
158.07,3557
158.09,3558
158.17,3559
158.19,3560
158.24,3561
158.26,3562
158.33,3563
158.34,3564
158.38,3565
158.39,3566
158.41,3567
158.42,3568
158.47,3569
158.48,3570
158.51,3571
158.53,3572
158.55,3573
158.58,3574
158.62,3575
158.63,3576
158.66,3577
158.67,3578
158.69,3579
158.75,3580
158.76,3581
158.77,3582
158.79,3583
158.81,3584
158.82,3585
158.85,3586
158.86,3587
158.91,3588
158.93,3589
158.94,3590
158.97,3591
158.99,3592
159.02,3593
159.04,3594
159.08,3595
159.12,3596
159.15,3597
159.18,3598
159.19,3599
159.23,3600
159.24,3601
159.31,3602
159.33,3603
159.41,3604
159.44,3605
159.45,3606
159.47,3607
159.58,3608
159.59,3609
159.65,3610
159.66,3611
159.67,3612
159.73,3613
159.74,3614
159.77,3615
159.78,3616
159.82,3617
159.83,3618
159.86,3619
159.99,3620
160.01,3621
160.03,3622
160.04,3623
160.05,3624
160.06,3625
160.08,3626
160.1,3627
160.11,3628
160.15,3629
160.17,3630
160.18,3631
160.28,3632
160.29,3633
160.3,3634
160.33,3635
160.38,3636
160.42,3637
160.45,3638
160.47,3639
160.49,3640
160.5,3641
160.53,3642
160.55,3643
160.56,3644
160.59,3645
160.61,3646
160.72,3647
160.76,3648
160.81,3649
160.84,3650
160.91,3651
160.92,3652
160.94,3653
160.95,3654
160.99,3655
161.0,3656
161.04,3657
161.05,3658
161.08,3659
161.13,3660
161.16,3661
161.2,3662
161.24,3663
161.26,3664
161.3,3665
161.37,3666
161.39,3667
161.4,3668
161.41,3669
161.47,3670
161.51,3671
161.52,3672
161.57,3673
161.58,3674
161.62,3675
161.68,3676
161.71,3677
161.73,3678
161.75,3679
161.79,3680
161.86,3681
161.87,3682
161.88,3683
161.92,3684
161.96,3685
161.97,3686
162.0,3687
162.02,3688
162.04,3689
162.05,3690
162.06,3691
162.07,3692
162.08,3693
162.12,3694
162.13,3695
162.14,3696
162.17,3697
162.18,3698
162.19,3699
162.23,3700
162.29,3701
162.38,3702
162.42,3703
162.43,3704
162.45,3705
162.47,3706
162.52,3707
162.53,3708
162.54,3709
162.55,3710
162.61,3711
162.65,3712
162.66,3713
162.68,3714
162.76,3715
162.8,3716
162.83,3717
162.87,3718
162.88,3719
162.9,3720
162.95,3721
162.99,3722
163.0,3723
163.05,3724
163.14,3725
163.16,3726
163.19,3727
163.2,3728
163.22,3729
163.28,3730
163.3,3731
163.32,3732
163.34,3733
163.36,3734
163.37,3735
163.38,3736
163.47,3737
163.52,3738
163.53,3739
163.54,3740
163.56,3741
163.58,3742
163.59,3743
163.63,3744
163.65,3745
163.73,3746
163.75,3747
163.77,3748
163.78,3749
163.86,3750
163.87,3751
163.9,3752
163.95,3753
163.97,3754
163.99,3755
164.02,3756
164.11,3757
164.13,3758
164.15,3759
164.16,3760
164.18,3761
164.2,3762
164.25,3763
164.29,3764
164.31,3765
164.36,3766
164.4,3767
164.42,3768
164.45,3769
164.49,3770
164.53,3771
164.55,3772
164.61,3773
164.64,3774
164.72,3775
164.75,3776
164.81,3777
164.84,3778
164.91,3779
164.94,3780
165.03,3781
165.06,3782
165.1,3783
165.11,3784
165.17,3785
165.2,3786
165.21,3787
165.22,3788
165.25,3789
165.27,3790
165.39,3791
165.48,3792
165.5,3793
165.53,3794
165.59,3795
165.66,3796
165.7,3797
165.72,3798
165.75,3799
165.76,3800
165.78,3801
165.79,3802
165.82,3803
165.84,3804
165.87,3805
165.9,3806
165.92,3807
165.95,3808
165.96,3809
165.99,3810
166.01,3811
166.02,3812
166.04,3813
166.06,3814
166.1,3815
166.19,3816
166.23,3817
166.29,3818
166.3,3819
166.34,3820
166.38,3821
166.39,3822
166.42,3823
166.47,3824
166.51,3825
166.56,3826
166.59,3827
166.65,3828
166.69,3829
166.7,3830
166.72,3831
166.75,3832
166.76,3833
166.77,3834
166.78,3835
166.8,3836
166.84,3837
166.85,3838
166.87,3839
166.89,3840
166.9,3841
166.94,3842
166.96,3843
167.0,3844
167.02,3845
167.08,3846
167.11,3847
167.12,3848
167.13,3849
167.19,3850
167.2,3851
167.21,3852
167.22,3853
167.29,3854
167.3,3855
167.31,3856
167.33,3857
167.34,3858
167.38,3859
167.42,3860
167.43,3861
167.44,3862
167.46,3863
167.47,3864
167.49,3865
167.5,3866
167.51,3867
167.54,3868
167.56,3869
167.63,3870
167.66,3871
167.68,3872
167.76,3873
167.8,3874
167.89,3875
167.9,3876
167.91,3877
167.95,3878
167.98,3879
167.99,3880
168.02,3881
168.11,3882
168.14,3883
168.16,3884
168.18,3885
168.21,3886
168.22,3887
168.24,3888
168.25,3889
168.33,3890
168.34,3891
168.35,3892
168.39,3893
168.4,3894
168.45,3895
168.48,3896
168.5,3897
168.56,3898
168.59,3899
168.61,3900
168.65,3901
168.69,3902
168.74,3903
168.75,3904
168.81,3905
168.87,3906
168.95,3907
168.96,3908
168.97,3909
168.99,3910
169.0,3911
169.01,3912
169.04,3913
169.05,3914
169.07,3915
169.12,3916
169.13,3917
169.14,3918
169.15,3919
169.17,3920
169.2,3921
169.21,3922
169.22,3923
169.23,3924
169.25,3925
169.27,3926
169.28,3927
169.34,3928
169.35,3929
169.42,3930
169.43,3931
169.47,3932
169.48,3933
169.61,3934
169.62,3935
169.63,3936
169.66,3937
169.7,3938
169.71,3939
169.73,3940
169.74,3941
169.75,3942
169.77,3943
169.78,3944
169.82,3945
169.83,3946
169.88,3947
169.98,3948
170.02,3949
170.05,3950
170.07,3951
170.08,3952
170.09,3953
170.1,3954
170.11,3955
170.12,3956
170.14,3957
170.21,3958
170.23,3959
170.28,3960
170.3,3961
170.33,3962
170.37,3963
170.39,3964
170.41,3965
170.43,3966
170.47,3967
170.49,3968
170.5,3969
170.53,3970
170.58,3971
170.59,3972
170.6,3973
170.62,3974
170.63,3975
170.64,3976
170.67,3977
170.74,3978
170.8,3979
170.82,3980
170.84,3981
170.85,3982
170.88,3983
170.91,3984
170.92,3985
170.93,3986
170.97,3987
171.02,3988
171.07,3989
171.09,3990
171.14,3991
171.24,3992
171.28,3993
171.31,3994
171.34,3995
171.36,3996
171.39,3997
171.43,3998
171.45,3999
171.48,4000
171.49,4001
171.55,4002
171.56,4003
171.6,4004
171.69,4005
171.73,4006
171.77,4007
171.78,4008
171.82,4009
171.84,4010
171.89,4011
171.92,4012
171.95,4013
172.01,4014
172.03,4015
172.05,4016
172.12,4017
172.16,4018
172.17,4019
172.19,4020
172.26,4021
172.29,4022
172.32,4023
172.33,4024
172.34,4025
172.37,4026
172.38,4027
172.39,4028
172.4,4029
172.41,4030
172.42,4031
172.43,4032
172.45,4033
172.46,4034
172.51,4035
172.52,4036
172.55,4037
172.57,4038
172.6,4039
172.62,4040
172.63,4041
172.64,4042
172.68,4043
172.71,4044
172.79,4045
172.81,4046
172.82,4047
172.83,4048
172.84,4049
172.89,4050
172.9,4051
172.92,4052
172.98,4053
173.01,4054
173.07,4055
173.08,4056
173.09,4057
173.12,4058
173.13,4059
173.14,4060
173.15,4061
173.22,4062
173.27,4063
173.31,4064
173.36,4065
173.38,4066
173.39,4067
173.4,4068
173.41,4069
173.48,4070
173.49,4071
173.51,4072
173.54,4073
173.55,4074
173.57,4075
173.58,4076
173.62,4077
173.65,4078
173.69,4079
173.71,4080
173.73,4081
173.79,4082
173.81,4083
173.91,4084
173.93,4085
174.06,4086
174.08,4087
174.11,4088
174.2,4089
174.22,4090
174.25,4091
174.27,4092
174.28,4093
174.32,4094
174.34,4095
174.36,4096
174.38,4097
174.42,4098
174.43,4099
174.45,4100
174.49,4101
174.5,4102
174.51,4103
174.55,4104
174.56,4105
174.58,4106
174.6,4107
174.69,4108
174.71,4109
174.72,4110
174.85,4111
174.87,4112
174.92,4113
174.95,4114
174.99,4115
175.03,4116
175.04,4117
175.06,4118
175.07,4119
175.1,4120
175.14,4121
175.17,4122
175.18,4123
175.24,4124
175.28,4125
175.31,4126
175.32,4127
175.36,4128
175.37,4129
175.44,4130
175.47,4131
175.48,4132
175.51,4133
175.55,4134
175.61,4135
175.63,4136
175.66,4137
175.67,4138
175.7,4139
175.72,4140
175.74,4141
175.79,4142
175.83,4143
175.84,4144
176.0,4145
176.01,4146
176.05,4147
176.06,4148
176.07,4149
176.13,4150
176.14,4151
176.2,4152
176.21,4153
176.26,4154
176.28,4155
176.31,4156
176.34,4157
176.35,4158
176.39,4159
176.46,4160
176.49,4161
176.5,4162
176.51,4163
176.55,4164
176.56,4165
176.57,4166
176.59,4167
176.62,4168
176.66,4169
176.68,4170
176.69,4171
176.7,4172
176.77,4173
176.8,4174
176.82,4175
176.83,4176
176.84,4177
176.85,4178
176.86,4179
176.89,4180
176.9,4181
176.92,4182
176.94,4183
176.96,4184
177.04,4185
177.06,4186
177.11,4187
177.13,4188
177.17,4189
177.2,4190
177.21,4191
177.24,4192
177.29,4193
177.3,4194
177.31,4195
177.33,4196
177.36,4197
177.38,4198
177.41,4199
177.46,4200
177.48,4201
177.5,4202
177.51,4203
177.52,4204
177.54,4205
177.62,4206
177.65,4207
177.66,4208
177.69,4209
177.72,4210
177.75,4211
177.76,4212
177.77,4213
177.79,4214
177.86,4215
177.89,4216
177.93,4217
177.96,4218
178.03,4219
178.04,4220
178.08,4221
178.12,4222
178.15,4223
178.16,4224
178.17,4225
178.18,4226
178.19,4227
178.23,4228
178.25,4229
178.27,4230
178.3,4231
178.34,4232
178.35,4233
178.37,4234
178.41,4235
178.43,4236
178.45,4237
178.48,4238
178.49,4239
178.51,4240
178.53,4241
178.56,4242
178.59,4243
178.63,4244
178.67,4245
178.69,4246
178.7,4247
178.71,4248
178.72,4249
178.73,4250
178.74,4251
178.77,4252
178.84,4253
178.88,4254
178.93,4255
178.95,4256
178.97,4257
178.98,4258
179.01,4259
179.05,4260
179.08,4261
179.13,4262
179.21,4263
179.26,4264
179.33,4265
179.39,4266
179.4,4267
179.42,4268
179.43,4269
179.46,4270
179.49,4271
179.5,4272
179.51,4273
179.54,4274
179.58,4275
179.63,4276
179.68,4277
179.69,4278
179.71,4279
179.72,4280
179.74,4281
179.77,4282
179.78,4283
179.79,4284
179.84,4285
179.89,4286
179.91,4287
179.94,4288
179.95,4289
179.97,4290
180.03,4291
180.06,4292
180.08,4293
180.1,4294
180.12,4295
180.15,4296
180.21,4297
180.26,4298
180.33,4299
180.52,4300
180.56,4301
180.6,4302
180.64,4303
180.65,4304
180.67,4305
180.7,4306
180.76,4307
180.77,4308
180.78,4309
180.8,4310
180.82,4311
180.87,4312
180.89,4313
180.9,4314
180.95,4315
180.96,4316
180.99,4317
181.01,4318
181.02,4319
181.06,4320
181.13,4321
181.14,4322
181.2,4323
181.21,4324
181.24,4325
181.25,4326
181.3,4327
181.38,4328
181.45,4329
181.49,4330
181.55,4331
181.56,4332
181.58,4333
181.59,4334
181.6,4335
181.69,4336
181.74,4337
181.77,4338
181.83,4339
181.84,4340
181.88,4341
181.91,4342
181.93,4343
181.94,4344
182.05,4345
182.06,4346
182.13,4347
182.21,4348
182.24,4349
182.27,4350
182.28,4351
182.33,4352
182.45,4353
182.49,4354
182.52,4355
182.53,4356
182.54,4357
182.55,4358
182.56,4359
182.59,4360
182.62,4361
182.7,4362
182.71,4363
182.73,4364
182.75,4365
182.76,4366
182.77,4367
182.79,4368
182.81,4369
182.82,4370
182.83,4371
182.91,4372
182.92,4373
182.93,4374
182.94,4375
182.95,4376
182.98,4377
183.0,4378
183.01,4379
183.05,4380
183.12,4381
183.14,4382
183.19,4383
183.21,4384
183.22,4385
183.25,4386
183.27,4387
183.28,4388
183.32,4389
183.33,4390
183.35,4391
183.37,4392
183.38,4393
183.4,4394
183.41,4395
183.42,4396
183.45,4397
183.52,4398
183.55,4399
183.56,4400
183.6,4401
183.61,4402
183.64,4403
183.69,4404
183.71,4405
183.72,4406
183.77,4407
183.8,4408
183.81,4409
183.82,4410
183.84,4411
183.96,4412
183.99,4413
184.01,4414
184.02,4415
184.03,4416
184.08,4417
184.11,4418
184.14,4419
184.17,4420
184.21,4421
184.22,4422
184.23,4423
184.25,4424
184.27,4425
184.3,4426
184.33,4427
184.34,4428
184.35,4429
184.37,4430
184.38,4431
184.4,4432
184.41,4433
184.51,4434
184.55,4435
184.6,4436
184.63,4437
184.72,4438
184.73,4439
184.74,4440
184.75,4441
184.76,4442
184.77,4443
184.81,4444
184.84,4445
184.86,4446
184.87,4447
184.91,4448
184.97,4449
184.99,4450
185.0,4451
185.03,4452
185.06,4453
185.07,4454
185.08,4455
185.09,4456
185.12,4457
185.18,4458
185.24,4459
185.25,4460
185.26,4461
185.29,4462
185.38,4463
185.4,4464
185.41,4465
185.43,4466
185.45,4467
185.51,4468
185.52,4469
185.53,4470
185.54,4471
185.58,4472
185.59,4473
185.6,4474
185.63,4475
185.65,4476
185.66,4477
185.68,4478
185.7,4479
185.73,4480
185.76,4481
185.84,4482
185.9,4483
185.91,4484
185.94,4485
185.98,4486
186.01,4487
186.09,4488
186.11,4489
186.15,4490
186.17,4491
186.24,4492
186.25,4493
186.28,4494
186.29,4495
186.3,4496
186.33,4497
186.36,4498
186.38,4499
186.39,4500
186.45,4501
186.65,4502
186.69,4503
186.7,4504
186.73,4505
186.74,4506
186.75,4507
186.79,4508
186.87,4509
186.89,4510
187.01,4511
187.06,4512
187.09,4513
187.1,4514
187.18,4515
187.22,4516
187.23,4517
187.24,4518
187.37,4519
187.4,4520
187.44,4521
187.45,4522
187.47,4523
187.49,4524
187.63,4525
187.64,4526
187.66,4527
187.67,4528
187.73,4529
187.79,4530
187.8,4531
187.85,4532
187.87,4533
187.88,4534
187.89,4535
187.94,4536
187.95,4537
187.96,4538
187.97,4539
188.03,4540
188.04,4541
188.05,4542
188.1,4543
188.11,4544
188.12,4545
188.13,4546
188.14,4547
188.17,4548
188.18,4549
188.28,4550
188.33,4551
188.34,4552
188.38,4553
188.4,4554
188.41,4555
188.42,4556
188.5,4557
188.52,4558
188.66,4559
188.74,4560
188.78,4561
188.82,4562
188.83,4563
188.85,4564
188.87,4565
188.89,4566
188.93,4567
188.94,4568
188.99,4569
189.01,4570
189.04,4571
189.08,4572
189.14,4573
189.21,4574
189.26,4575
189.27,4576
189.3,4577
189.34,4578
189.37,4579
189.42,4580
189.45,4581
189.46,4582
189.48,4583
189.49,4584
189.52,4585
189.56,4586
189.57,4587
189.58,4588
189.59,4589
189.63,4590
189.65,4591
189.66,4592
189.68,4593
189.8,4594
189.81,4595
189.85,4596
189.86,4597
189.87,4598
189.88,4599
189.9,4600
190.0,4601
190.01,4602
190.03,4603
190.05,4604
190.06,4605
190.13,4606
190.16,4607
190.17,4608
190.21,4609
190.22,4610
190.26,4611
190.34,4612
190.37,4613
190.4,4614
190.43,4615
190.44,4616
190.57,4617
190.59,4618
190.65,4619
190.69,4620
190.7,4621
190.73,4622
190.74,4623
190.81,4624
190.82,4625
190.86,4626
190.89,4627
191.04,4628
191.05,4629
191.07,4630
191.08,4631
191.09,4632
191.11,4633
191.15,4634
191.17,4635
191.18,4636
191.23,4637
191.24,4638
191.27,4639
191.3,4640
191.34,4641
191.35,4642
191.37,4643
191.38,4644
191.45,4645
191.46,4646
191.49,4647
191.52,4648
191.53,4649
191.55,4650
191.57,4651
191.58,4652
191.63,4653
191.66,4654
191.69,4655
191.71,4656
191.72,4657
191.82,4658
191.83,4659
191.84,4660
191.88,4661
191.89,4662
191.91,4663
191.92,4664
191.95,4665
191.97,4666
191.98,4667
191.99,4668
192.0,4669
192.03,4670
192.05,4671
192.06,4672
192.08,4673
192.13,4674
192.15,4675
192.16,4676
192.18,4677
192.21,4678
192.23,4679
192.25,4680
192.28,4681
192.41,4682
192.45,4683
192.47,4684
192.48,4685
192.51,4686
192.56,4687
192.61,4688
192.69,4689
192.72,4690
192.74,4691
192.76,4692
192.85,4693
192.86,4694
192.9,4695
192.93,4696
192.95,4697
192.96,4698
193.02,4699
193.03,4700
193.07,4701
193.15,4702
193.17,4703
193.18,4704
193.21,4705
193.25,4706
193.27,4707
193.31,4708
193.34,4709
193.36,4710
193.37,4711
193.39,4712
193.41,4713
193.43,4714
193.47,4715
193.49,4716
193.52,4717
193.55,4718
193.59,4719
193.62,4720
193.65,4721
193.7,4722
193.71,4723
193.74,4724
193.78,4725
193.79,4726
193.81,4727
193.87,4728
193.88,4729
193.9,4730
193.93,4731
193.94,4732
193.95,4733
193.98,4734
193.99,4735
194.01,4736
194.02,4737
194.03,4738
194.06,4739
194.07,4740
194.09,4741
194.1,4742
194.12,4743
194.15,4744
194.22,4745
194.24,4746
194.27,4747
194.3,4748
194.31,4749
194.37,4750
194.38,4751
194.4,4752
194.41,4753
194.43,4754
194.47,4755
194.51,4756
194.54,4757
194.56,4758
194.58,4759
194.62,4760
194.63,4761
194.66,4762
194.68,4763
194.71,4764
194.76,4765
194.77,4766
194.85,4767
194.89,4768
194.9,4769
194.91,4770
194.92,4771
194.94,4772
194.96,4773
194.99,4774
195.0,4775
195.02,4776
195.03,4777
195.05,4778
195.09,4779
195.1,4780
195.13,4781
195.14,4782
195.16,4783
195.2,4784
195.22,4785
195.27,4786
195.31,4787
195.37,4788
195.39,4789
195.45,4790
195.46,4791
195.47,4792
195.49,4793
195.51,4794
195.52,4795
195.53,4796
195.55,4797
195.58,4798
195.64,4799
195.67,4800
195.71,4801
195.72,4802
195.73,4803
195.75,4804
195.76,4805
195.78,4806
195.81,4807
195.82,4808
195.83,4809
195.85,4810
195.86,4811
195.9,4812
195.94,4813
196.02,4814
196.03,4815
196.07,4816
196.08,4817
196.09,4818
196.12,4819
196.14,4820
196.15,4821
196.17,4822
196.18,4823
196.27,4824
196.29,4825
196.33,4826
196.35,4827
196.37,4828
196.42,4829
196.43,4830
196.45,4831
196.47,4832
196.48,4833
196.49,4834
196.5,4835
196.53,4836
196.57,4837
196.62,4838
196.63,4839
196.65,4840
196.66,4841
196.71,4842
196.72,4843
196.76,4844
196.78,4845
196.79,4846
196.8,4847
196.81,4848
196.82,4849
196.84,4850
196.86,4851
196.88,4852
196.89,4853
196.92,4854
196.93,4855
196.95,4856
196.99,4857
197.12,4858
197.14,4859
197.17,4860
197.19,4861
197.21,4862
197.24,4863
197.27,4864
197.3,4865
197.33,4866
197.34,4867
197.43,4868
197.44,4869
197.46,4870
197.47,4871
197.5,4872
197.52,4873
197.55,4874
197.56,4875
197.62,4876
197.63,4877
197.68,4878
197.73,4879
197.76,4880
197.77,4881
197.82,4882
197.88,4883
197.92,4884
197.94,4885
197.95,4886
197.96,4887
197.99,4888
198.03,4889
198.04,4890
198.06,4891
198.13,4892
198.14,4893
198.15,4894
198.21,4895
198.24,4896
198.29,4897
198.3,4898
198.31,4899
198.38,4900
198.41,4901
198.47,4902
198.48,4903
198.51,4904
198.58,4905
198.61,4906
198.67,4907
198.75,4908
198.8,4909
198.82,4910
198.84,4911
198.86,4912
198.88,4913
198.93,4914
198.98,4915
199.05,4916
199.06,4917
199.07,4918
199.08,4919
199.09,4920
199.12,4921
199.15,4922
199.18,4923
199.22,4924
199.26,4925
199.29,4926
199.33,4927
199.34,4928
199.39,4929
199.41,4930
199.42,4931
199.46,4932
199.49,4933
199.53,4934
199.64,4935
199.66,4936
199.71,4937
199.76,4938
199.79,4939
199.81,4940
199.83,4941
199.86,4942
199.87,4943
199.91,4944
199.96,4945
199.98,4946
199.99,4947
200.01,4948
200.05,4949
200.06,4950
200.09,4951
200.1,4952
200.13,4953
200.16,4954
200.17,4955
200.21,4956
200.25,4957
200.33,4958
200.38,4959
200.39,4960
200.46,4961
200.47,4962
200.49,4963
200.51,4964
200.54,4965
200.57,4966
200.58,4967
200.59,4968
200.61,4969
200.62,4970
200.68,4971
200.75,4972
200.76,4973
200.77,4974
200.81,4975
200.83,4976
200.84,4977
200.88,4978
200.89,4979
200.92,4980
200.95,4981
201.04,4982
201.05,4983
201.08,4984
201.09,4985
201.14,4986
201.15,4987
201.18,4988
201.28,4989
201.29,4990
201.3,4991
201.31,4992
201.32,4993
201.33,4994
201.38,4995
201.41,4996
201.46,4997
201.53,4998
201.54,4999
201.55,5000
201.6,5001
201.61,5002
201.66,5003
201.7,5004
201.74,5005
201.75,5006
201.76,5007
201.77,5008
201.78,5009
201.8,5010
201.82,5011
201.91,5012
201.94,5013
201.98,5014
202.02,5015
202.03,5016
202.1,5017
202.11,5018
202.16,5019
202.2,5020
202.25,5021
202.27,5022
202.28,5023
202.31,5024
202.35,5025
202.36,5026
202.38,5027
202.48,5028
202.49,5029
202.51,5030
202.52,5031
202.55,5032
202.6,5033
202.62,5034
202.63,5035
202.67,5036
202.68,5037
202.69,5038
202.7,5039
202.75,5040
202.77,5041
202.8,5042
202.81,5043
202.82,5044
202.93,5045
202.96,5046
202.97,5047
203.0,5048
203.11,5049
203.12,5050
203.15,5051
203.18,5052
203.19,5053
203.2,5054
203.23,5055
203.26,5056
203.28,5057
203.33,5058
203.4,5059
203.41,5060
203.45,5061
203.46,5062
203.48,5063
203.53,5064
203.54,5065
203.56,5066
203.6,5067
203.62,5068
203.65,5069
203.69,5070
203.72,5071
203.77,5072
203.8,5073
203.84,5074
203.87,5075
203.88,5076
203.89,5077
203.92,5078
203.95,5079
203.97,5080
203.99,5081
204.01,5082
204.09,5083
204.11,5084
204.15,5085
204.19,5086
204.25,5087
204.27,5088
204.28,5089
204.33,5090
204.34,5091
204.35,5092
204.38,5093
204.44,5094
204.45,5095
204.47,5096
204.48,5097
204.49,5098
204.5,5099
204.51,5100
204.6,5101
204.61,5102
204.63,5103
204.64,5104
204.67,5105
204.69,5106
204.7,5107
204.73,5108
204.74,5109
204.75,5110
204.77,5111
204.78,5112
204.81,5113
204.83,5114
204.87,5115
204.92,5116
204.93,5117
204.98,5118
204.99,5119
205.02,5120
205.03,5121
205.04,5122
205.08,5123
205.15,5124
205.16,5125
205.17,5126
205.18,5127
205.2,5128
205.23,5129
205.29,5130
205.39,5131
205.4,5132
205.44,5133
205.45,5134
205.46,5135
205.48,5136
205.51,5137
205.52,5138
205.54,5139
205.58,5140
205.59,5141
205.61,5142
205.62,5143
205.64,5144
205.67,5145
205.68,5146
205.69,5147
205.77,5148
205.82,5149
205.83,5150
205.93,5151
205.94,5152
206.05,5153
206.13,5154
206.14,5155
206.15,5156
206.19,5157
206.2,5158
206.21,5159
206.22,5160
206.24,5161
206.25,5162
206.43,5163
206.46,5164
206.5,5165
206.51,5166
206.52,5167
206.56,5168
206.6,5169
206.61,5170
206.62,5171
206.63,5172
206.64,5173
206.69,5174
206.7,5175
206.71,5176
206.73,5177
206.78,5178
206.84,5179
206.86,5180
206.93,5181
206.95,5182
206.96,5183
206.97,5184
207.01,5185
207.03,5186
207.06,5187
207.08,5188
207.09,5189
207.1,5190
207.2,5191
207.27,5192
207.28,5193
207.32,5194
207.37,5195
207.4,5196
207.42,5197
207.45,5198
207.47,5199
207.51,5200
207.54,5201
207.56,5202
207.57,5203
207.61,5204
207.64,5205
207.65,5206
207.67,5207
207.7,5208
207.81,5209
207.82,5210
207.84,5211
207.87,5212
207.89,5213
207.95,5214
207.96,5215
208.08,5216
208.13,5217
208.15,5218
208.18,5219
208.31,5220
208.35,5221
208.38,5222
208.41,5223
208.43,5224
208.45,5225
208.47,5226
208.55,5227
208.59,5228
208.6,5229
208.62,5230
208.71,5231
208.74,5232
208.78,5233
208.86,5234
208.91,5235
208.92,5236
208.94,5237
208.98,5238
208.99,5239
209.03,5240
209.04,5241
209.06,5242
209.13,5243
209.16,5244
209.21,5245
209.24,5246
209.29,5247
209.33,5248
209.35,5249
209.38,5250
209.4,5251
209.44,5252
209.46,5253
209.47,5254
209.49,5255
209.5,5256
209.51,5257
209.52,5258
209.54,5259
209.6,5260
209.63,5261
209.64,5262
209.7,5263
209.77,5264
209.79,5265
209.82,5266
209.83,5267
209.86,5268
209.88,5269
209.89,5270
209.91,5271
209.98,5272
210.03,5273
210.04,5274
210.09,5275
210.13,5276
210.16,5277
210.23,5278
210.25,5279
210.29,5280
210.43,5281
210.45,5282
210.47,5283
210.5,5284
210.58,5285
210.59,5286
210.64,5287
210.68,5288
210.71,5289
210.74,5290
210.81,5291
210.82,5292
210.91,5293
210.93,5294
210.95,5295
210.99,5296
211.04,5297
211.05,5298
211.06,5299
211.11,5300
211.13,5301
211.15,5302
211.16,5303
211.18,5304
211.22,5305
211.29,5306
211.33,5307
211.36,5308
211.44,5309
211.45,5310
211.5,5311
211.53,5312
211.64,5313
211.65,5314
211.69,5315
211.74,5316
211.79,5317
211.81,5318
211.85,5319
211.86,5320
211.89,5321
211.9,5322
211.91,5323
211.95,5324
211.99,5325
212.0,5326
212.01,5327
212.02,5328
212.03,5329
212.04,5330
212.08,5331
212.09,5332
212.1,5333
212.11,5334
212.14,5335
212.21,5336
212.24,5337
212.37,5338
212.38,5339
212.43,5340
212.44,5341
212.46,5342
212.49,5343
212.57,5344
212.61,5345
212.62,5346
212.67,5347
212.69,5348
212.7,5349
212.73,5350
212.75,5351
212.76,5352
212.77,5353
212.85,5354
212.89,5355
212.9,5356
212.97,5357
213.0,5358
213.03,5359
213.04,5360
213.07,5361
213.08,5362
213.12,5363
213.18,5364
213.21,5365
213.25,5366
213.26,5367
213.31,5368
213.33,5369
213.36,5370
213.37,5371
213.39,5372
213.4,5373
213.42,5374
213.43,5375
213.46,5376
213.47,5377
213.52,5378
213.59,5379
213.62,5380
213.63,5381
213.64,5382
213.72,5383
213.76,5384
213.77,5385
213.78,5386
213.81,5387
213.82,5388
213.85,5389
213.86,5390
213.89,5391
213.9,5392
213.94,5393
213.95,5394
213.96,5395
213.99,5396
214.0,5397
214.01,5398
214.03,5399
214.06,5400
214.07,5401
214.11,5402
214.13,5403
214.15,5404
214.16,5405
214.19,5406
214.2,5407
214.21,5408
214.25,5409
214.27,5410
214.34,5411
214.35,5412
214.36,5413
214.38,5414
214.39,5415
214.41,5416
214.43,5417
214.46,5418
214.47,5419
214.49,5420
214.5,5421
214.51,5422
214.54,5423
214.55,5424
214.61,5425
214.63,5426
214.73,5427
214.77,5428
214.79,5429
214.8,5430
214.93,5431
214.94,5432
214.96,5433
215.0,5434
215.03,5435
215.05,5436
215.07,5437
215.09,5438
215.17,5439
215.2,5440
215.22,5441
215.23,5442
215.24,5443
215.27,5444
215.29,5445
215.31,5446
215.32,5447
215.4,5448
215.43,5449
215.49,5450
215.52,5451
215.56,5452
215.57,5453
215.59,5454
215.61,5455
215.73,5456
215.76,5457
215.82,5458
215.87,5459
215.94,5460
215.95,5461
215.99,5462
216.02,5463
216.04,5464
216.08,5465
216.16,5466
216.21,5467
216.22,5468
216.23,5469
216.26,5470
216.28,5471
216.29,5472
216.35,5473
216.4,5474
216.41,5475
216.51,5476
216.52,5477
216.53,5478
216.59,5479
216.61,5480
216.62,5481
216.63,5482
216.64,5483
216.67,5484
216.71,5485
216.72,5486
216.79,5487
216.84,5488
216.85,5489
216.88,5490
216.91,5491
216.93,5492
216.95,5493
216.96,5494
217.01,5495
217.04,5496
217.09,5497
217.13,5498
217.15,5499
217.16,5500
217.18,5501
217.19,5502
217.2,5503
217.22,5504
217.24,5505
217.26,5506
217.28,5507
217.29,5508
217.3,5509
217.37,5510
217.39,5511
217.4,5512
217.41,5513
217.44,5514
217.45,5515
217.48,5516
217.53,5517
217.56,5518
217.62,5519
217.68,5520
217.74,5521
217.79,5522
217.84,5523
217.86,5524
217.87,5525
217.91,5526
217.92,5527
217.93,5528
217.95,5529
217.96,5530
218.04,5531
218.11,5532
218.12,5533
218.13,5534
218.14,5535
218.19,5536
218.23,5537
218.27,5538
218.28,5539
218.29,5540
218.3,5541
218.32,5542
218.36,5543
218.38,5544
218.39,5545
218.49,5546
218.5,5547
218.53,5548
218.56,5549
218.6,5550
218.69,5551
218.81,5552
218.82,5553
218.83,5554
218.84,5555
218.87,5556
218.88,5557
218.91,5558
218.92,5559
219.01,5560
219.06,5561
219.1,5562
219.17,5563
219.23,5564
219.28,5565
219.35,5566
219.39,5567
219.4,5568
219.41,5569
219.44,5570
219.45,5571
219.46,5572
219.47,5573
219.48,5574
219.5,5575
219.51,5576
219.52,5577
219.54,5578
219.59,5579
219.63,5580
219.66,5581
219.71,5582
219.72,5583
219.73,5584
219.75,5585
219.76,5586
219.77,5587
219.8,5588
219.82,5589
219.83,5590
219.84,5591
219.85,5592
219.86,5593
219.89,5594
219.9,5595
219.92,5596
219.95,5597
219.96,5598
220.0,5599
220.01,5600
220.03,5601
220.07,5602
220.12,5603
220.16,5604
220.21,5605
220.22,5606
220.24,5607
220.27,5608
220.31,5609
220.32,5610
220.33,5611
220.35,5612
220.36,5613
220.38,5614
220.4,5615
220.46,5616
220.49,5617
220.55,5618
220.56,5619
220.59,5620
220.63,5621
220.65,5622
220.67,5623
220.7,5624
220.71,5625
220.76,5626
220.78,5627
220.79,5628
220.82,5629
220.86,5630
220.89,5631
220.92,5632
220.98,5633
221.0,5634
221.03,5635
221.04,5636
221.06,5637
221.14,5638
221.15,5639
221.22,5640
221.28,5641
221.29,5642
221.3,5643
221.32,5644
221.34,5645
221.38,5646
221.52,5647
221.6,5648
221.63,5649
221.69,5650
221.72,5651
221.76,5652
221.81,5653
221.83,5654
221.84,5655
221.86,5656
221.87,5657
221.9,5658
221.91,5659
222.02,5660
222.03,5661
222.04,5662
222.05,5663
222.06,5664
222.07,5665
222.08,5666
222.1,5667
222.11,5668
222.13,5669
222.17,5670
222.19,5671
222.22,5672
222.23,5673
222.27,5674
222.42,5675
222.43,5676
222.47,5677
222.48,5678
222.57,5679
222.59,5680
222.6,5681
222.63,5682
222.64,5683
222.68,5684
222.76,5685
222.77,5686
222.82,5687
222.85,5688
222.87,5689
222.88,5690
223.04,5691
223.05,5692
223.07,5693
223.11,5694
223.12,5695
223.15,5696
223.16,5697
223.2,5698
223.22,5699
223.23,5700
223.26,5701
223.29,5702
223.3,5703
223.37,5704
223.39,5705
223.41,5706
223.43,5707
223.44,5708
223.45,5709
223.52,5710
223.53,5711
223.55,5712
223.72,5713
223.75,5714
223.76,5715
223.79,5716
223.8,5717
223.86,5718
223.92,5719
223.93,5720
223.94,5721
223.98,5722
223.99,5723
224.05,5724
224.09,5725
224.13,5726
224.14,5727
224.22,5728
224.23,5729
224.26,5730
224.31,5731
224.36,5732
224.38,5733
224.4,5734
224.48,5735
224.51,5736
224.52,5737
224.56,5738
224.62,5739
224.63,5740
224.7,5741
224.74,5742
224.76,5743
224.77,5744
224.82,5745
224.86,5746
224.87,5747
224.92,5748
224.93,5749
224.94,5750
224.96,5751
225.0,5752
225.02,5753
225.06,5754
225.14,5755
225.16,5756
225.18,5757
225.22,5758
225.23,5759
225.25,5760
225.26,5761
225.27,5762
225.28,5763
225.31,5764
225.33,5765
225.4,5766
225.43,5767
225.47,5768
225.48,5769
225.53,5770
225.56,5771
225.61,5772
225.64,5773
225.68,5774
225.7,5775
225.73,5776
225.74,5777
225.84,5778
225.86,5779
225.89,5780
225.96,5781
226.01,5782
226.03,5783
226.04,5784
226.05,5785
226.07,5786
226.09,5787
226.12,5788
226.14,5789
226.15,5790
226.17,5791
226.18,5792
226.19,5793
226.22,5794
226.25,5795
226.31,5796
226.37,5797
226.4,5798
226.42,5799
226.48,5800
226.5,5801
226.52,5802
226.55,5803
226.57,5804
226.61,5805
226.63,5806
226.65,5807
226.66,5808
226.67,5809
226.69,5810
226.7,5811
226.72,5812
226.86,5813
226.89,5814
226.9,5815
226.92,5816
226.93,5817
226.96,5818
227.03,5819
227.07,5820
227.1,5821
227.12,5822
227.13,5823
227.15,5824
227.16,5825
227.18,5826
227.19,5827
227.24,5828
227.27,5829
227.3,5830
227.31,5831
227.33,5832
227.34,5833
227.4,5834
227.42,5835
227.43,5836
227.44,5837
227.46,5838
227.53,5839
227.61,5840
227.63,5841
227.67,5842
227.69,5843
227.7,5844
227.72,5845
227.74,5846
227.8,5847
227.88,5848
227.91,5849
227.92,5850
227.94,5851
228.0,5852
228.01,5853
228.12,5854
228.14,5855
228.18,5856
228.22,5857
228.25,5858
228.26,5859
228.31,5860
228.38,5861
228.41,5862
228.42,5863
228.44,5864
228.51,5865
228.54,5866
228.56,5867
228.59,5868
228.6,5869
228.63,5870
228.65,5871
228.67,5872
228.68,5873
228.74,5874
228.75,5875
228.78,5876
228.79,5877
228.8,5878
228.86,5879
228.9,5880
228.94,5881
228.98,5882
229.14,5883
229.16,5884
229.17,5885
229.21,5886
229.25,5887
229.26,5888
229.28,5889
229.29,5890
229.31,5891
229.33,5892
229.34,5893
229.37,5894
229.39,5895
229.4,5896
229.42,5897
229.46,5898
229.48,5899
229.51,5900
229.54,5901
229.58,5902
229.62,5903
229.63,5904
229.71,5905
229.72,5906
229.75,5907
229.77,5908
229.79,5909
229.8,5910
229.84,5911
229.86,5912
229.89,5913
229.91,5914
229.92,5915
229.95,5916
229.99,5917
230.01,5918
230.07,5919
230.08,5920
230.12,5921
230.16,5922
230.2,5923
230.25,5924
230.26,5925
230.31,5926
230.33,5927
230.37,5928
230.39,5929
230.42,5930
230.45,5931
230.47,5932
230.5,5933
230.51,5934
230.55,5935
230.57,5936
230.58,5937
230.59,5938
230.63,5939
230.67,5940
230.71,5941
230.74,5942
230.75,5943
230.77,5944
230.81,5945
230.82,5946
230.84,5947
230.87,5948
230.92,5949
230.93,5950
230.95,5951
230.97,5952
231.02,5953
231.06,5954
231.07,5955
231.08,5956
231.09,5957
231.1,5958
231.11,5959
231.12,5960
231.16,5961
231.19,5962
231.2,5963
231.23,5964
231.26,5965
231.28,5966
231.36,5967
231.41,5968
231.43,5969
231.44,5970
231.46,5971
231.47,5972
231.58,5973
231.61,5974
231.62,5975
231.68,5976
231.74,5977
231.78,5978
231.8,5979
231.83,5980
231.85,5981
231.86,5982
231.9,5983
231.92,5984
231.94,5985
231.95,5986
232.02,5987
232.03,5988
232.04,5989
232.1,5990
232.13,5991
232.16,5992
232.22,5993
232.25,5994
232.29,5995
232.3,5996
232.31,5997
232.32,5998
232.38,5999
232.39,6000
232.41,6001
232.43,6002
232.47,6003
232.48,6004
232.49,6005
232.5,6006
232.51,6007
232.53,6008
232.55,6009
232.57,6010
232.59,6011
232.6,6012
232.65,6013
232.68,6014
232.71,6015
232.73,6016
232.74,6017
232.8,6018
232.86,6019
232.94,6020
232.97,6021
232.98,6022
232.99,6023
233.03,6024
233.04,6025
233.05,6026
233.11,6027
233.21,6028
233.22,6029
233.24,6030
233.39,6031
233.4,6032
233.47,6033
233.57,6034
233.58,6035
233.64,6036
233.66,6037
233.68,6038
233.71,6039
233.74,6040
233.76,6041
233.78,6042
233.79,6043
233.8,6044
233.81,6045
233.85,6046
233.86,6047
233.89,6048
233.9,6049
233.93,6050
233.95,6051
233.96,6052
234.01,6053
234.03,6054
234.07,6055
234.1,6056
234.11,6057
234.13,6058
234.24,6059
234.25,6060
234.29,6061
234.31,6062
234.32,6063
234.34,6064
234.36,6065
234.38,6066
234.46,6067
234.48,6068
234.49,6069
234.51,6070
234.52,6071
234.54,6072
234.56,6073
234.57,6074
234.58,6075
234.59,6076
234.67,6077
234.68,6078
234.69,6079
234.7,6080
234.71,6081
234.73,6082
234.74,6083
234.77,6084
234.78,6085
234.8,6086
234.81,6087
234.88,6088
234.91,6089
234.93,6090
234.95,6091
234.96,6092
235.05,6093
235.08,6094
235.1,6095
235.11,6096
235.15,6097
235.17,6098
235.22,6099
235.24,6100
235.28,6101
235.32,6102
235.34,6103
235.36,6104
235.39,6105
235.4,6106
235.43,6107
235.44,6108
235.46,6109
235.47,6110
235.48,6111
235.5,6112
235.55,6113
235.61,6114
235.63,6115
235.67,6116
235.68,6117
235.73,6118
235.74,6119
235.75,6120
235.77,6121
235.78,6122
235.8,6123
235.81,6124
235.86,6125
235.89,6126
235.92,6127
235.97,6128
236.17,6129
236.19,6130
236.22,6131
236.24,6132
236.27,6133
236.3,6134
236.33,6135
236.34,6136
236.35,6137
236.37,6138
236.41,6139
236.44,6140
236.5,6141
236.52,6142
236.56,6143
236.57,6144
236.6,6145
236.62,6146
236.63,6147
236.64,6148
236.65,6149
236.66,6150
236.67,6151
236.69,6152
236.73,6153
236.77,6154
236.81,6155
236.84,6156
236.86,6157
236.94,6158
236.96,6159
237.03,6160
237.05,6161
237.08,6162
237.16,6163
237.17,6164
237.24,6165
237.26,6166
237.27,6167
237.28,6168
237.29,6169
237.31,6170
237.38,6171
237.39,6172
237.47,6173
237.48,6174
237.49,6175
237.51,6176
237.52,6177
237.54,6178
237.58,6179
237.59,6180
237.6,6181
237.62,6182
237.66,6183
237.68,6184
237.69,6185
237.71,6186
237.74,6187
237.76,6188
237.83,6189
237.85,6190
237.91,6191
237.94,6192
237.95,6193
237.96,6194
238.0,6195
238.01,6196
238.02,6197
238.04,6198
238.13,6199
238.14,6200
238.16,6201
238.21,6202
238.22,6203
238.25,6204
238.26,6205
238.33,6206
238.35,6207
238.43,6208
238.46,6209
238.48,6210
238.52,6211
238.54,6212
238.56,6213
238.58,6214
238.59,6215
238.64,6216
238.66,6217
238.68,6218
238.72,6219
238.78,6220
238.79,6221
238.83,6222
238.88,6223
238.89,6224
238.91,6225
238.94,6226
238.96,6227
239.08,6228
239.09,6229
239.11,6230
239.12,6231
239.13,6232
239.14,6233
239.17,6234
239.21,6235
239.23,6236
239.24,6237
239.26,6238
239.29,6239
239.3,6240
239.32,6241
239.33,6242
239.34,6243
239.4,6244
239.48,6245
239.54,6246
239.61,6247
239.62,6248
239.64,6249
239.65,6250
239.66,6251
239.67,6252
239.68,6253
239.69,6254
239.71,6255
239.72,6256
239.73,6257
239.75,6258
239.76,6259
239.79,6260
239.81,6261
239.84,6262
239.93,6263
239.96,6264
239.97,6265
239.98,6266
240.03,6267
240.12,6268
240.17,6269
240.2,6270
240.21,6271
240.25,6272
240.27,6273
240.28,6274
240.29,6275
240.35,6276
240.37,6277
240.4,6278
240.45,6279
240.51,6280
240.53,6281
240.56,6282
240.57,6283
240.6,6284
240.64,6285
240.65,6286
240.67,6287
240.7,6288
240.71,6289
240.72,6290
240.75,6291
240.76,6292
240.8,6293
240.84,6294
240.85,6295
240.86,6296
240.93,6297
240.94,6298
240.96,6299
240.97,6300
240.99,6301
241.0,6302
241.03,6303
241.07,6304
241.09,6305
241.1,6306
241.11,6307
241.15,6308
241.17,6309
241.19,6310
241.24,6311
241.25,6312
241.29,6313
241.37,6314
241.4,6315
241.41,6316
241.46,6317
241.47,6318
241.57,6319
241.58,6320
241.59,6321
241.62,6322
241.63,6323
241.64,6324
241.65,6325
241.67,6326
241.69,6327
241.71,6328
241.76,6329
241.81,6330
241.86,6331
241.9,6332
241.94,6333
241.97,6334
241.98,6335
242.04,6336
242.09,6337
242.14,6338
242.2,6339
242.21,6340
242.22,6341
242.25,6342
242.31,6343
242.36,6344
242.37,6345
242.38,6346
242.39,6347
242.41,6348
242.44,6349
242.47,6350
242.48,6351
242.51,6352
242.55,6353
242.57,6354
242.59,6355
242.63,6356
242.64,6357
242.67,6358
242.71,6359
242.72,6360
242.73,6361
242.75,6362
242.79,6363
242.89,6364
242.91,6365
242.92,6366
242.95,6367
242.96,6368
243.01,6369
243.1,6370
243.11,6371
243.12,6372
243.13,6373
243.17,6374
243.21,6375
243.25,6376
243.3,6377
243.35,6378
243.37,6379
243.39,6380
243.41,6381
243.43,6382
243.45,6383
243.46,6384
243.48,6385
243.54,6386
243.58,6387
243.6,6388
243.63,6389
243.66,6390
243.68,6391
243.76,6392
243.79,6393
243.81,6394
243.83,6395
243.86,6396
243.88,6397
243.9,6398
243.92,6399
243.95,6400
243.96,6401
243.97,6402
243.98,6403
244.0,6404
244.01,6405
244.04,6406
244.05,6407
244.07,6408
244.08,6409
244.13,6410
244.14,6411
244.15,6412
244.18,6413
244.25,6414
244.28,6415
244.32,6416
244.39,6417
244.4,6418
244.41,6419
244.42,6420
244.44,6421
244.51,6422
244.53,6423
244.54,6424
244.56,6425
244.6,6426
244.65,6427
244.68,6428
244.69,6429
244.71,6430
244.72,6431
244.74,6432
244.75,6433
244.81,6434
244.82,6435
244.86,6436
244.87,6437
244.91,6438
244.92,6439
244.96,6440
244.99,6441
245.03,6442
245.08,6443
245.11,6444
245.12,6445
245.17,6446
245.23,6447
245.27,6448
245.28,6449
245.29,6450
245.31,6451
245.33,6452
245.37,6453
245.4,6454
245.42,6455
245.51,6456
245.52,6457
245.61,6458
245.65,6459
245.66,6460
245.67,6461
245.71,6462
245.72,6463
245.74,6464
245.75,6465
245.76,6466
245.79,6467
245.8,6468
245.82,6469
245.84,6470
245.85,6471
245.87,6472
245.88,6473
245.9,6474
245.93,6475
245.94,6476
245.95,6477
245.96,6478
245.98,6479
245.99,6480
246.04,6481
246.08,6482
246.09,6483
246.16,6484
246.17,6485
246.18,6486
246.19,6487
246.24,6488
246.26,6489
246.33,6490
246.34,6491
246.37,6492
246.46,6493
246.48,6494
246.49,6495
246.5,6496
246.52,6497
246.54,6498
246.56,6499
246.64,6500
246.69,6501
246.78,6502
246.84,6503
246.86,6504
246.87,6505
246.89,6506
246.91,6507
246.93,6508
246.95,6509
246.97,6510
246.98,6511
247.01,6512
247.04,6513
247.07,6514
247.1,6515
247.11,6516
247.14,6517
247.19,6518
247.2,6519
247.24,6520
247.3,6521
247.32,6522
247.41,6523
247.46,6524
247.51,6525
247.52,6526
247.57,6527
247.67,6528
247.68,6529
247.7,6530
247.71,6531
247.74,6532
247.77,6533
247.78,6534
247.84,6535
247.86,6536
247.89,6537
247.94,6538
247.96,6539
247.97,6540
247.98,6541
247.99,6542
248.0,6543
248.01,6544
248.04,6545
248.05,6546
248.07,6547
248.09,6548
248.23,6549
248.25,6550
248.26,6551
248.33,6552
248.37,6553
248.41,6554
248.42,6555
248.45,6556
248.46,6557
248.48,6558
248.53,6559
248.55,6560
248.56,6561
248.64,6562
248.65,6563
248.69,6564
248.72,6565
248.75,6566
248.8,6567
248.82,6568
248.84,6569
248.87,6570
248.88,6571
248.89,6572
248.94,6573
248.98,6574
249.0,6575
249.02,6576
249.03,6577
249.04,6578
249.06,6579
249.07,6580
249.11,6581
249.12,6582
249.17,6583
249.18,6584
249.19,6585
249.21,6586
249.22,6587
249.29,6588
249.3,6589
249.36,6590
249.37,6591
249.39,6592
249.44,6593
249.51,6594
249.52,6595
249.53,6596
249.55,6597
249.58,6598
249.63,6599
249.65,6600
249.66,6601
249.68,6602
249.69,6603
249.7,6604
249.72,6605
249.75,6606
249.77,6607
249.8,6608
249.82,6609
249.84,6610
249.85,6611
249.86,6612
249.89,6613
249.9,6614
249.91,6615
249.92,6616
249.93,6617
249.97,6618
249.98,6619
250.18,6620
250.21,6621
250.22,6622
250.23,6623
250.24,6624
250.27,6625
250.28,6626
250.32,6627
250.33,6628
250.35,6629
250.38,6630
250.39,6631
250.48,6632
250.55,6633
250.61,6634
250.62,6635
250.66,6636
250.81,6637
250.83,6638
250.9,6639
250.91,6640
250.96,6641
251.01,6642
251.07,6643
251.08,6644
251.14,6645
251.2,6646
251.21,6647
251.22,6648
251.29,6649
251.31,6650
251.32,6651
251.34,6652
251.35,6653
251.37,6654
251.38,6655
251.39,6656
251.4,6657
251.43,6658
251.45,6659
251.48,6660
251.54,6661
251.55,6662
251.6,6663
251.64,6664
251.66,6665
251.7,6666
251.72,6667
251.74,6668
251.75,6669
251.79,6670
251.8,6671
251.86,6672
251.94,6673
251.98,6674
252.0,6675
252.01,6676
252.06,6677
252.11,6678
252.2,6679
252.28,6680
252.36,6681
252.41,6682
252.43,6683
252.46,6684
252.47,6685
252.52,6686
252.53,6687
252.54,6688
252.56,6689
252.71,6690
252.77,6691
252.78,6692
252.79,6693
252.82,6694
252.83,6695
252.84,6696
252.85,6697
252.86,6698
252.88,6699
252.92,6700
252.93,6701
252.95,6702
252.96,6703
253.02,6704
253.04,6705
253.1,6706
253.12,6707
253.19,6708
253.22,6709
253.29,6710
253.34,6711
253.4,6712
253.42,6713
253.43,6714
253.44,6715
253.45,6716
253.46,6717
253.49,6718
253.51,6719
253.52,6720
253.55,6721
253.62,6722
253.63,6723
253.64,6724
253.65,6725
253.67,6726
253.68,6727
253.69,6728
253.7,6729
253.76,6730
253.8,6731
253.84,6732
253.86,6733
253.87,6734
253.88,6735
253.9,6736
253.91,6737
253.95,6738
253.97,6739
253.98,6740
253.99,6741
254.03,6742
254.04,6743
254.06,6744
254.08,6745
254.09,6746
254.12,6747
254.17,6748
254.19,6749
254.28,6750
254.34,6751
254.35,6752
254.36,6753
254.39,6754
254.48,6755
254.49,6756
254.5,6757
254.56,6758
254.57,6759
254.6,6760
254.62,6761
254.64,6762
254.68,6763
254.69,6764
254.71,6765
254.8,6766
254.81,6767
254.82,6768
254.83,6769
254.85,6770
254.86,6771
254.89,6772
254.91,6773
254.94,6774
255.01,6775
255.02,6776
255.03,6777
255.06,6778
255.08,6779
255.09,6780
255.11,6781
255.12,6782
255.14,6783
255.16,6784
255.17,6785
255.18,6786
255.19,6787
255.2,6788
255.21,6789
255.26,6790
255.27,6791
255.28,6792
255.29,6793
255.36,6794
255.4,6795
255.42,6796
255.43,6797
255.52,6798
255.56,6799
255.57,6800
255.62,6801
255.63,6802
255.64,6803
255.68,6804
255.69,6805
255.7,6806
255.72,6807
255.75,6808
255.76,6809
255.77,6810
255.78,6811
255.79,6812
255.8,6813
255.84,6814
255.87,6815
255.89,6816
255.92,6817
255.96,6818
255.98,6819
256.0,6820
256.05,6821
256.06,6822
256.08,6823
256.09,6824
256.12,6825
256.15,6826
256.18,6827
256.3,6828
256.31,6829
256.32,6830
256.38,6831
256.4,6832
256.41,6833
256.42,6834
256.43,6835
256.52,6836
256.57,6837
256.58,6838
256.69,6839
256.74,6840
256.75,6841
256.78,6842
256.83,6843
256.84,6844
256.85,6845
256.86,6846
256.87,6847
256.88,6848
256.89,6849
256.94,6850
256.96,6851
256.97,6852
257.0,6853
257.03,6854
257.05,6855
257.07,6856
257.08,6857
257.1,6858
257.19,6859
257.2,6860
257.21,6861
257.22,6862
257.23,6863
257.26,6864
257.36,6865
257.4,6866
257.41,6867
257.43,6868
257.49,6869
257.5,6870
257.51,6871
257.54,6872
257.55,6873
257.59,6874
257.64,6875
257.69,6876
257.72,6877
257.73,6878
257.76,6879
257.79,6880
257.83,6881
257.84,6882
257.85,6883
257.86,6884
257.87,6885
257.96,6886
257.98,6887
258.02,6888
258.04,6889
258.05,6890
258.08,6891
258.16,6892
258.2,6893
258.23,6894
258.25,6895
258.26,6896
258.28,6897
258.3,6898
258.31,6899
258.33,6900
258.36,6901
258.42,6902
258.43,6903
258.51,6904
258.52,6905
258.55,6906
258.57,6907
258.6,6908
258.61,6909
258.64,6910
258.66,6911
258.67,6912
258.68,6913
258.73,6914
258.76,6915
258.81,6916
258.85,6917
258.88,6918
258.89,6919
258.91,6920
258.93,6921
258.94,6922
258.96,6923
259.01,6924
259.02,6925
259.06,6926
259.09,6927
259.1,6928
259.13,6929
259.14,6930
259.21,6931
259.24,6932
259.25,6933
259.26,6934
259.31,6935
259.36,6936
259.37,6937
259.38,6938
259.39,6939
259.41,6940
259.44,6941
259.45,6942
259.49,6943
259.54,6944
259.58,6945
259.62,6946
259.66,6947
259.7,6948
259.74,6949
259.76,6950
259.81,6951
259.82,6952
259.96,6953
260.04,6954
260.06,6955
260.07,6956
260.08,6957
260.22,6958
260.23,6959
260.25,6960
260.29,6961
260.33,6962
260.36,6963
260.39,6964
260.4,6965
260.42,6966
260.47,6967
260.48,6968
260.51,6969
260.55,6970
260.63,6971
260.64,6972
260.66,6973
260.68,6974
260.7,6975
260.75,6976
260.79,6977
260.8,6978
260.82,6979
260.84,6980
260.86,6981
260.87,6982
260.89,6983
260.92,6984
260.98,6985
261.03,6986
261.05,6987
261.06,6988
261.1,6989
261.12,6990
261.14,6991
261.2,6992
261.22,6993
261.24,6994
261.25,6995
261.28,6996
261.3,6997
261.32,6998
261.34,6999
261.37,7000
261.41,7001
261.42,7002
261.58,7003
261.59,7004
261.6,7005
261.65,7006
261.72,7007
261.73,7008
261.74,7009
261.76,7010
261.83,7011
261.84,7012
261.88,7013
261.9,7014
261.94,7015
261.97,7016
261.99,7017
262.0,7018
262.07,7019
262.09,7020
262.16,7021
262.26,7022
262.27,7023
262.29,7024
262.3,7025
262.31,7026
262.37,7027
262.38,7028
262.44,7029
262.45,7030
262.49,7031
262.5,7032
262.52,7033
262.53,7034
262.58,7035
262.61,7036
262.67,7037
262.68,7038
262.7,7039
262.72,7040
262.73,7041
262.74,7042
262.75,7043
262.77,7044
262.8,7045
262.83,7046
262.84,7047
262.89,7048
262.92,7049
262.93,7050
262.99,7051
263.0,7052
263.12,7053
263.15,7054
263.2,7055
263.24,7056
263.25,7057
263.26,7058
263.28,7059
263.3,7060
263.33,7061
263.37,7062
263.38,7063
263.39,7064
263.43,7065
263.44,7066
263.49,7067
263.5,7068
263.52,7069
263.53,7070
263.55,7071
263.58,7072
263.6,7073
263.61,7074
263.62,7075
263.66,7076
263.67,7077
263.75,7078
263.81,7079
263.84,7080
263.87,7081
263.88,7082
263.91,7083
263.92,7084
263.93,7085
263.95,7086
263.97,7087
263.98,7088
263.99,7089
264.0,7090
264.01,7091
264.03,7092
264.05,7093
264.07,7094
264.12,7095
264.13,7096
264.17,7097
264.2,7098
264.23,7099
264.24,7100
264.27,7101
264.33,7102
264.34,7103
264.35,7104
264.36,7105
264.38,7106
264.41,7107
264.45,7108
264.47,7109
264.5,7110
264.53,7111
264.63,7112
264.64,7113
264.65,7114
264.68,7115
264.71,7116
264.73,7117
264.75,7118
264.77,7119
264.83,7120
264.84,7121
264.86,7122
264.89,7123
264.9,7124
264.92,7125
264.94,7126
264.99,7127
265.0,7128
265.03,7129
265.07,7130
265.1,7131
265.11,7132
265.12,7133
265.16,7134
265.17,7135
265.25,7136
265.27,7137
265.31,7138
265.33,7139
265.35,7140
265.37,7141
265.45,7142
265.46,7143
265.47,7144
265.48,7145
265.51,7146
265.53,7147
265.54,7148
265.59,7149
265.6,7150
265.62,7151
265.63,7152
265.65,7153
265.67,7154
265.69,7155
265.73,7156
265.75,7157
265.77,7158
265.79,7159
265.8,7160
265.83,7161
265.92,7162
265.93,7163
265.97,7164
265.99,7165
266.04,7166
266.05,7167
266.12,7168
266.14,7169
266.16,7170
266.19,7171
266.2,7172
266.25,7173
266.28,7174
266.29,7175
266.3,7176
266.31,7177
266.33,7178
266.34,7179
266.35,7180
266.37,7181
266.4,7182
266.42,7183
266.45,7184
266.46,7185
266.49,7186
266.5,7187
266.51,7188
266.52,7189
266.54,7190
266.61,7191
266.63,7192
266.66,7193
266.67,7194
266.71,7195
266.75,7196
266.78,7197
266.81,7198
266.86,7199
266.87,7200
266.9,7201
266.91,7202
266.93,7203
266.97,7204
266.98,7205
267.03,7206
267.06,7207
267.08,7208
267.1,7209
267.12,7210
267.13,7211
267.16,7212
267.24,7213
267.27,7214
267.29,7215
267.31,7216
267.32,7217
267.33,7218
267.34,7219
267.38,7220
267.41,7221
267.42,7222
267.49,7223
267.5,7224
267.54,7225
267.57,7226
267.7,7227
267.72,7228
267.76,7229
267.78,7230
267.79,7231
267.85,7232
267.88,7233
267.95,7234
267.97,7235
267.98,7236
268.02,7237
268.06,7238
268.08,7239
268.12,7240
268.19,7241
268.21,7242
268.24,7243
268.26,7244
268.27,7245
268.32,7246
268.43,7247
268.64,7248
268.73,7249
268.77,7250
268.79,7251
268.82,7252
268.84,7253
268.89,7254
268.91,7255
268.93,7256
268.94,7257
268.96,7258
269.03,7259
269.08,7260
269.09,7261
269.1,7262
269.11,7263
269.13,7264
269.14,7265
269.17,7266
269.19,7267
269.23,7268
269.3,7269
269.33,7270
269.4,7271
269.47,7272
269.51,7273
269.52,7274
269.53,7275
269.54,7276
269.57,7277
269.59,7278
269.64,7279
269.65,7280
269.68,7281
269.73,7282
269.74,7283
269.75,7284
269.76,7285
269.77,7286
269.8,7287
269.83,7288
269.86,7289
269.88,7290
269.93,7291
269.94,7292
269.96,7293
269.98,7294
269.99,7295
270.0,7296
270.02,7297
270.09,7298
270.12,7299
270.2,7300
270.21,7301
270.28,7302
270.31,7303
270.37,7304
270.51,7305
270.55,7306
270.56,7307
270.57,7308
270.6,7309
270.62,7310
270.68,7311
270.72,7312
270.75,7313
270.78,7314
270.82,7315
270.84,7316
270.88,7317
270.92,7318
270.93,7319
270.95,7320
270.98,7321
271.0,7322
271.05,7323
271.06,7324
271.08,7325
271.09,7326
271.11,7327
271.14,7328
271.15,7329
271.17,7330
271.18,7331
271.22,7332
271.23,7333
271.26,7334
271.3,7335
271.31,7336
271.32,7337
271.35,7338
271.37,7339
271.44,7340
271.5,7341
271.55,7342
271.59,7343
271.71,7344
271.72,7345
271.79,7346
271.85,7347
271.89,7348
271.9,7349
271.96,7350
272.08,7351
272.09,7352
272.1,7353
272.16,7354
272.18,7355
272.21,7356
272.31,7357
272.36,7358
272.4,7359
272.42,7360
272.43,7361
272.49,7362
272.5,7363
272.52,7364
272.54,7365
272.56,7366
272.59,7367
272.7,7368
272.71,7369
272.72,7370
272.76,7371
272.8,7372
272.83,7373
272.86,7374
272.89,7375
272.93,7376
272.95,7377
272.96,7378
272.97,7379
273.02,7380
273.06,7381
273.07,7382
273.09,7383
273.13,7384
273.14,7385
273.18,7386
273.23,7387
273.27,7388
273.34,7389
273.36,7390
273.43,7391
273.46,7392
273.51,7393
273.55,7394
273.56,7395
273.57,7396
273.6,7397
273.61,7398
273.63,7399
273.69,7400
273.7,7401
273.76,7402
273.77,7403
273.8,7404
273.84,7405
273.85,7406
273.95,7407
274.0,7408
274.04,7409
274.06,7410
274.1,7411
274.12,7412
274.13,7413
274.15,7414
274.17,7415
274.23,7416
274.36,7417
274.37,7418
274.38,7419
274.43,7420
274.48,7421
274.52,7422
274.54,7423
274.61,7424
274.64,7425
274.74,7426
274.78,7427
274.81,7428
274.9,7429
274.91,7430
274.97,7431
274.98,7432
275.05,7433
275.07,7434
275.1,7435
275.11,7436
275.12,7437
275.14,7438
275.15,7439
275.18,7440
275.24,7441
275.26,7442
275.28,7443
275.29,7444
275.33,7445
275.34,7446
275.37,7447
275.39,7448
275.43,7449
275.44,7450
275.46,7451
275.49,7452
275.5,7453
275.51,7454
275.54,7455
275.55,7456
275.56,7457
275.59,7458
275.61,7459
275.67,7460
275.68,7461
275.71,7462
275.76,7463
275.78,7464
275.86,7465
275.88,7466
275.91,7467
275.92,7468
275.96,7469
275.97,7470
275.99,7471
276.14,7472
276.17,7473
276.19,7474
276.21,7475
276.23,7476
276.24,7477
276.27,7478
276.3,7479
276.33,7480
276.34,7481
276.38,7482
276.41,7483
276.43,7484
276.46,7485
276.47,7486
276.48,7487
276.62,7488
276.65,7489
276.66,7490
276.69,7491
276.8,7492
276.81,7493
276.83,7494
276.84,7495
276.85,7496
276.88,7497
276.89,7498
276.91,7499
276.94,7500
276.95,7501
277.03,7502
277.06,7503
277.07,7504
277.08,7505
277.12,7506
277.13,7507
277.17,7508
277.18,7509
277.23,7510
277.25,7511
277.27,7512
277.28,7513
277.29,7514
277.3,7515
277.31,7516
277.37,7517
277.4,7518
277.44,7519
277.47,7520
277.53,7521
277.56,7522
277.62,7523
277.68,7524
277.69,7525
277.72,7526
277.75,7527
277.77,7528
277.81,7529
277.84,7530
277.87,7531
277.89,7532
277.9,7533
277.93,7534
277.94,7535
278.01,7536
278.08,7537
278.1,7538
278.13,7539
278.14,7540
278.15,7541
278.16,7542
278.32,7543
278.46,7544
278.47,7545
278.51,7546
278.52,7547
278.54,7548
278.6,7549
278.63,7550
278.67,7551
278.7,7552
278.75,7553
278.77,7554
278.9,7555
278.92,7556
278.93,7557
278.99,7558
279.01,7559
279.03,7560
279.05,7561
279.06,7562
279.11,7563
279.17,7564
279.2,7565
279.22,7566
279.23,7567
279.24,7568
279.27,7569
279.28,7570
279.3,7571
279.39,7572
279.4,7573
279.42,7574
279.49,7575
279.5,7576
279.51,7577
279.53,7578
279.59,7579
279.6,7580
279.62,7581
279.63,7582
279.66,7583
279.68,7584
279.7,7585
279.71,7586
279.74,7587
279.75,7588
279.77,7589
279.78,7590
279.79,7591
279.8,7592
279.82,7593
279.86,7594
279.88,7595
279.9,7596
279.93,7597
280.04,7598
280.06,7599
280.13,7600
280.14,7601
280.17,7602
280.18,7603
280.2,7604
280.22,7605
280.24,7606
280.3,7607
280.31,7608
280.34,7609
280.37,7610
280.43,7611
280.45,7612
280.46,7613
280.49,7614
280.5,7615
280.52,7616
280.53,7617
280.55,7618
280.56,7619
280.57,7620
280.6,7621
280.61,7622
280.63,7623
280.64,7624
280.66,7625
280.67,7626
280.75,7627
280.76,7628
280.77,7629
280.8,7630
280.83,7631
280.85,7632
280.87,7633
280.94,7634
280.96,7635
280.98,7636
280.99,7637
281.01,7638
281.03,7639
281.1,7640
281.11,7641
281.12,7642
281.13,7643
281.15,7644
281.16,7645
281.2,7646
281.22,7647
281.23,7648
281.33,7649
281.36,7650
281.37,7651
281.42,7652
281.43,7653
281.44,7654
281.46,7655
281.48,7656
281.51,7657
281.53,7658
281.54,7659
281.58,7660
281.6,7661
281.61,7662
281.65,7663
281.66,7664
281.67,7665
281.68,7666
281.69,7667
281.71,7668
281.77,7669
281.78,7670
281.83,7671
281.88,7672
281.89,7673
281.91,7674
281.94,7675
282.03,7676
282.04,7677
282.05,7678
282.08,7679
282.13,7680
282.22,7681
282.27,7682
282.37,7683
282.38,7684
282.4,7685
282.5,7686
282.53,7687
282.54,7688
282.56,7689
282.57,7690
282.6,7691
282.63,7692
282.72,7693
282.73,7694
282.74,7695
282.82,7696
282.87,7697
282.92,7698
282.93,7699
283.0,7700
283.03,7701
283.04,7702
283.05,7703
283.08,7704
283.09,7705
283.11,7706
283.18,7707
283.19,7708
283.23,7709
283.27,7710
283.3,7711
283.31,7712
283.35,7713
283.36,7714
283.44,7715
283.46,7716
283.47,7717
283.56,7718
283.63,7719
283.64,7720
283.71,7721
283.72,7722
283.77,7723
283.79,7724
283.8,7725
283.82,7726
283.84,7727
283.88,7728
283.89,7729
283.93,7730
283.97,7731
284.0,7732
284.02,7733
284.05,7734
284.07,7735
284.17,7736
284.2,7737
284.26,7738
284.3,7739
284.35,7740
284.43,7741
284.46,7742
284.49,7743
284.52,7744
284.57,7745
284.58,7746
284.64,7747
284.66,7748
284.69,7749
284.79,7750
284.8,7751
284.82,7752
284.84,7753
284.85,7754
284.88,7755
284.89,7756
284.91,7757
284.93,7758
284.97,7759
284.98,7760
285.02,7761
285.07,7762
285.08,7763
285.19,7764
285.22,7765
285.23,7766
285.25,7767
285.26,7768
285.27,7769
285.29,7770
285.33,7771
285.38,7772
285.39,7773
285.4,7774
285.43,7775
285.46,7776
285.49,7777
285.51,7778
285.55,7779
285.57,7780
285.59,7781
285.6,7782
285.61,7783
285.63,7784
285.64,7785
285.67,7786
285.68,7787
285.7,7788
285.73,7789
285.78,7790
285.82,7791
285.84,7792
285.85,7793
285.91,7794
285.93,7795
285.97,7796
285.98,7797
286.08,7798
286.09,7799
286.15,7800
286.19,7801
286.2,7802
286.25,7803
286.28,7804
286.35,7805
286.38,7806
286.4,7807
286.41,7808
286.44,7809
286.47,7810
286.48,7811
286.49,7812
286.51,7813
286.52,7814
286.54,7815
286.59,7816
286.61,7817
286.66,7818
286.67,7819
286.71,7820
286.75,7821
286.79,7822
286.8,7823
286.81,7824
286.82,7825
286.87,7826
286.91,7827
286.92,7828
286.95,7829
286.96,7830
286.99,7831
287.03,7832
287.04,7833
287.06,7834
287.08,7835
287.11,7836
287.12,7837
287.15,7838
287.19,7839
287.22,7840
287.27,7841
287.28,7842
287.32,7843
287.39,7844
287.44,7845
287.51,7846
287.52,7847
287.54,7848
287.55,7849
287.56,7850
287.59,7851
287.62,7852
287.65,7853
287.68,7854
287.69,7855
287.7,7856
287.84,7857
287.86,7858
287.87,7859
287.9,7860
287.92,7861
287.97,7862
287.98,7863
287.99,7864
288.0,7865
288.01,7866
288.03,7867
288.05,7868
288.07,7869
288.08,7870
288.1,7871
288.13,7872
288.2,7873
288.21,7874
288.24,7875
288.27,7876
288.3,7877
288.4,7878
288.42,7879
288.46,7880
288.51,7881
288.52,7882
288.53,7883
288.57,7884
288.58,7885
288.6,7886
288.66,7887
288.71,7888
288.72,7889
288.77,7890
288.89,7891
288.91,7892
288.95,7893
288.98,7894
289.0,7895
289.05,7896
289.1,7897
289.12,7898
289.13,7899
289.15,7900
289.17,7901
289.19,7902
289.22,7903
289.24,7904
289.26,7905
289.29,7906
289.31,7907
289.33,7908
289.34,7909
289.36,7910
289.37,7911
289.41,7912
289.49,7913
289.51,7914
289.52,7915
289.53,7916
289.56,7917
289.57,7918
289.59,7919
289.62,7920
289.65,7921
289.66,7922
289.69,7923
289.7,7924
289.71,7925
289.75,7926
289.8,7927
289.83,7928
289.97,7929
290.0,7930
290.13,7931
290.15,7932
290.18,7933
290.19,7934
290.22,7935
290.25,7936
290.26,7937
290.29,7938
290.32,7939
290.34,7940
290.38,7941
290.39,7942
290.42,7943
290.43,7944
290.49,7945
290.53,7946
290.54,7947
290.58,7948
290.59,7949
290.61,7950
290.62,7951
290.68,7952
290.69,7953
290.72,7954
290.83,7955
290.87,7956
290.89,7957
290.92,7958
290.96,7959
290.97,7960
291.0,7961
291.03,7962
291.06,7963
291.08,7964
291.09,7965
291.1,7966
291.11,7967
291.12,7968
291.18,7969
291.22,7970
291.23,7971
291.24,7972
291.27,7973
291.28,7974
291.35,7975
291.37,7976
291.4,7977
291.42,7978
291.43,7979
291.46,7980
291.47,7981
291.48,7982
291.5,7983
291.56,7984
291.57,7985
291.59,7986
291.61,7987
291.65,7988
291.8,7989
291.81,7990
291.84,7991
291.89,7992
292.01,7993
292.03,7994
292.04,7995
292.11,7996
292.13,7997
292.14,7998
292.15,7999
292.18,8000
292.21,8001
292.23,8002
292.27,8003
292.3,8004
292.32,8005
292.36,8006
292.4,8007
292.41,8008
292.44,8009
292.48,8010
292.5,8011
292.53,8012
292.56,8013
292.57,8014
292.58,8015
292.59,8016
292.63,8017
292.67,8018
292.68,8019
292.71,8020
292.73,8021
292.75,8022
292.76,8023
292.78,8024
292.8,8025
292.81,8026
292.84,8027
292.86,8028
292.87,8029
292.88,8030
292.9,8031
292.99,8032
293.0,8033
293.01,8034
293.02,8035
293.07,8036
293.09,8037
293.11,8038
293.14,8039
293.15,8040
293.16,8041
293.18,8042
293.19,8043
293.24,8044
293.25,8045
293.28,8046
293.29,8047
293.33,8048
293.35,8049
293.4,8050
293.42,8051
293.45,8052
293.48,8053
293.49,8054
293.58,8055
293.59,8056
293.63,8057
293.64,8058
293.65,8059
293.7,8060
293.71,8061
293.72,8062
293.74,8063
293.77,8064
293.8,8065
293.82,8066
293.83,8067
293.89,8068
293.9,8069
293.92,8070
293.94,8071
293.95,8072
293.98,8073
293.99,8074
294.02,8075
294.05,8076
294.12,8077
294.16,8078
294.18,8079
294.2,8080
294.21,8081
294.23,8082
294.25,8083
294.26,8084
294.31,8085
294.32,8086
294.33,8087
294.34,8088
294.37,8089
294.45,8090
294.47,8091
294.51,8092
294.55,8093
294.56,8094
294.62,8095
294.67,8096
294.69,8097
294.73,8098
294.79,8099
294.81,8100
294.83,8101
294.88,8102
294.92,8103
294.94,8104
294.95,8105
294.96,8106
294.98,8107
294.99,8108
295.02,8109
295.06,8110
295.07,8111
295.1,8112
295.11,8113
295.12,8114
295.14,8115
295.15,8116
295.21,8117
295.22,8118
295.3,8119
295.31,8120
295.32,8121
295.33,8122
295.34,8123
295.36,8124
295.38,8125
295.4,8126
295.41,8127
295.45,8128
295.51,8129
295.56,8130
295.57,8131
295.59,8132
295.6,8133
295.66,8134
295.7,8135
295.71,8136
295.72,8137
295.78,8138
295.79,8139
295.83,8140
295.89,8141
295.95,8142
295.97,8143
295.98,8144
296.01,8145
296.03,8146
296.04,8147
296.06,8148
296.07,8149
296.09,8150
296.12,8151
296.14,8152
296.15,8153
296.19,8154
296.26,8155
296.29,8156
296.34,8157
296.36,8158
296.37,8159
296.39,8160
296.43,8161
296.49,8162
296.53,8163
296.54,8164
296.56,8165
296.57,8166
296.59,8167
296.62,8168
296.67,8169
296.71,8170
296.72,8171
296.74,8172
296.76,8173
296.79,8174
296.8,8175
296.85,8176
296.86,8177
296.93,8178
296.94,8179
296.95,8180
296.97,8181
296.99,8182
297.06,8183
297.07,8184
297.12,8185
297.13,8186
297.15,8187
297.17,8188
297.23,8189
297.24,8190
297.26,8191
297.27,8192
297.28,8193
297.31,8194
297.43,8195
297.48,8196
297.49,8197
297.5,8198
297.51,8199
297.55,8200
297.59,8201
297.6,8202
297.62,8203
297.67,8204
297.69,8205
297.7,8206
297.79,8207
297.82,8208
297.83,8209
297.85,8210
297.87,8211
297.88,8212
297.94,8213
298.04,8214
298.08,8215
298.1,8216
298.11,8217
298.17,8218
298.18,8219
298.2,8220
298.22,8221
298.28,8222
298.31,8223
298.34,8224
298.35,8225
298.38,8226
298.4,8227
298.42,8228
298.43,8229
298.45,8230
298.46,8231
298.49,8232
298.53,8233
298.58,8234
298.6,8235
298.69,8236
298.71,8237
298.72,8238
298.74,8239
298.76,8240
298.79,8241
298.8,8242
298.81,8243
298.82,8244
298.86,8245
298.87,8246
298.93,8247
299.01,8248
299.11,8249
299.18,8250
299.24,8251
299.25,8252
299.29,8253
299.32,8254
299.36,8255
299.38,8256
299.42,8257
299.43,8258
299.44,8259
299.49,8260
299.5,8261
299.51,8262
299.53,8263
299.55,8264
299.56,8265
299.6,8266
299.61,8267
299.63,8268
299.65,8269
299.67,8270
299.68,8271
299.71,8272
299.72,8273
299.73,8274
299.76,8275
299.81,8276
299.83,8277
299.88,8278
299.89,8279
299.93,8280
299.95,8281
299.98,8282
300.0,8283
